Age,Teeth,Color,Gender,Weight,Horn,Breed,Location,Price
5,7,White and Red,Male,60,Yes,Aus,Gazipur,31815
1,2,Black and Brown,Male,77,Yes,Deshi,Nilfamari,32670
4,8,Cross,Male,56,Yes,Holstein Cross,Mirpur,33131
3,6,Red,Male,514,No,Brahma,Naogaon,33557
1,2,White,Male,86,No,Pakri,Narayanganj,33789
1,2,Red,Male,213,No,Jersey,Mymenshing,33914
3,6,Mixed,Male,587,No,Aus,Chittagong,33992
5,7,Dark Red,Female,99,Yes,Holstein Cross,Mirpur,34680
1,2,Dark Red,Male,379,Yes,Holstein Friesian,Pabna,35083
4,7,Black,Male,73,Yes,Shahiwal,Dhaka,35210
3,5,Brown,Male,327,No,Deshi,Kurigram,35599
3,6,Brown,Male,80,Yes,Holstein Friesian,Gazipur,36382
4,8,Mixed,Male,107,No,Shahiwal,Tebunia,37279
2,3,Cross,Male,128,Yes,Deshal,Mymenshing,38112
2,4,Black and Brown,Female,453,Yes,Brahma cross,Narayanganj,38434
3,5,Black,Male,292,No,Pakri,Chittagong,38491
4,8,Red,Male,70,Yes,Holstein Friesian,Nilfamari,38737
4,8,Brown,Male,77,No,Cross,Mymenshing,39067
1,2,Dark Red,Female,62,No,Hybrid,Tebunia,39406
2,4,Red,Female,68,No,Holstein Friesian,Mymenshing,39432
2,2,Brown,Male,66,Yes,Deshi,Tebunia,39536
3,4,Light Red,Female,529,No,Shahiwal,Bogura,40586
2,3,Ash,Male,154,No,Deshi,Nilfamari,40804
1,2,Dark Red,Male,77,Yes,Nafimoni,Mirpur,40836
1,2,Dark Red,Female,85,No,Cross,Kishoreganj,41932
2,4,Black and White,Male,95,Yes,Deshi,Kishoreganj,42305
1,2,Mixed,Male,102,No,Holstein Cross,Tebunia,43280
3,6,Mixed,Female,197,No,Shahiwal,Gazipur,43388
2,3,Black,Male,88,Yes,Brahma,Rangpur,43568
3,4,Dark Red,Female,76,No,Brahma cross,Gazipur,44321
5,7,Black,Male,64,Yes,Nafimoni,Mymenshing,44722
3,5,Red,Male,130,No,Shahiwal,Mymenshing,44783
1,2,White,Male,87,Yes,Deshi,Gazipur,45611
4,7,Black and Brown,Male,125,No,Brahma cross,Pabna,45863
1,2,Dark Red,Male,74,No,Holstein Cross,Gazipur,46475
1,2,White,Male,86,Yes,Local,Dhaka,46647
5,7,Red,Female,96,Yes,Jersey,Mirpur,46934
2,2,Black and Brown,Male,91,No,Deshi,Tebunia,47190
3,4,Red and Brown,Male,490,No,Brahma,Sharifganj,47665
3,5,Black,Female,74,No,Holstein Cross,Kishoreganj,47798
2,2,Light Red,Female,531,Yes,Deshal,Kushtia,48255
3,6,Black and Brown,Male,239,Yes,Shahiwal,Tebunia,49125
1,2,Red,Male,86,Yes,Shahiwal,Nilfamari,50155
3,5,Black,Male,250,Yes,Deshal,Sabujbagh,51692
3,5,Red and Brown,Male,88,Yes,Nafimoni,Chittagong,53729
3,4,Light Red,Male,361,No,Pakri,Sharifganj,54348
4,7,Red and Brown,Female,178,No,Cross,Dhaka,54580
4,8,Ash,Male,95,No,Deshal,Sylhet,55566
4,7,Cross,Male,164,No,Deshal,Gazipur,56086
2,2,White and Red,Male,1,No,Holstein Cross,Tebunia,56369
3,5,Red,Male,119,Yes,Aus,Mymenshing,57577
2,3,Cross,Male,175,No,Holstein Cross,Tebunia,57712
1,2,Red,Male,164,No,Brahma cross,Naogaon,57904
5,7,Brown,Male,159,No,Deshal,Mymenshing,58136
1,2,Cross,Male,115,Yes,Shahiwal,Tebunia,58248
4,7,Dark Red,Male,170,No,Local,Mymenshing,58443
1,2,White and Red,Male,82,Yes,Shahiwal,Naogaon,58553
2,3,Red and Brown,Female,1,Yes,Aus,Naogaon,60118
3,4,White,Male,124,Yes,Deshal,Kushtia,60470
3,5,Brown,Male,201,Yes,Holstein Cross,Kushtia,60509
3,5,Black,Male,101,No,Deshal,Kushtia,60614
3,4,Ash,Male,284,No,Brahma,Kurigram,60912
3,5,Red and Brown,Male,146,Yes,Deshal,Kishoreganj,61600
3,6,Light Red,Female,367,Yes,Nafimoni,Mirpur,61739
2,3,Ash,Male,195,Yes,Holstein Cross,Rangpur,61981
5,7,Cross,Male,118,No,Deshal,Kushtia,62125
1,2,White,Female,160,No,Deshal,Tebunia,62203
5,7,Cross,Male,141,No,Holstein Cross,Chittagong,62626
3,4,Red and Brown,Female,20,Yes,Shahiwal,Mymenshing,63115
1,2,Black,Male,142,Yes,Brahma cross,Mymenshing,63133
2,3,Black and White,Female,422,No,Deshal,Naogaon,63238
3,6,Black,Male,189,No,Pakri,Mymenshing,63654
2,4,Light Red,Male,1,Yes,Shahiwal,Sabujbagh,64160
5,7,Red,Male,106,Yes,Shahiwal,Kurigram,64214
3,5,White,Female,101,Yes,Shahiwal,Mymenshing,64219
2,2,Red and Brown,Male,89,No,Holstein Cross,Kurigram,64601
3,5,Black,Male,154,Yes,Shahiwal,Bogura,64694
2,3,Black,Male,7,Yes,Local,Bogura,65000
2,2,Red,Male,7,Yes,Local,Bogura,65000
2,2,Red,Male,116,No,Deshal,Sylhet,65753
2,2,Red,Male,142,Yes,Deshal,Gazipur,67164
3,6,White,Female,430,No,Nafimoni,Sharifganj,67321
2,4,Ash,Male,122,No,Hybrid,Chittagong,67382
5,7,Red and Brown,Male,307,No,Holstein Friesian,Tebunia,68180
1,2,Red and Brown,Male,236,No,Brahma,Mirpur,68231
5,7,Black,Male,142,Yes,Nepali,Mymenshing,69093
5,7,Black and White,Male,142,Yes,Nepali,Pabna,69302
2,3,Black,Male,80,Yes,Local,Nilfamari,70000
2,2,Red,Male,80,No,Local,Nilfamari,70000
2,2,White,Male,80,No,Local,Nilfamari,70000
5,7,Cross,Female,212,Yes,Deshal,Sharifganj,70382
2,2,Ash,Female,127,Yes,Cross,Kishoreganj,70503
2,4,Cross,Male,155,No,Jersey,Kurigram,70631
3,6,Cross,Male,179,Yes,Deshal,Gazipur,70759
3,5,Brown,Male,20,Yes,Shahiwal,Kurigram,70876
3,5,Black and Brown,Female,336,No,Holstein Cross,Sylhet,71397
3,6,White,Female,156,Yes,Deshi,Kushtia,71415
2,2,Red and Brown,Male,567,Yes,Shahiwal,Tebunia,71589
4,8,Black and Brown,Male,125,Yes,Holstein Cross,Mymenshing,71854
4,7,Mixed,Male,146,No,Holstein Cross,Mymenshing,72088
1,2,Ash,Male,155,Yes,Deshal,Sharifganj,72198
2,3,Red,Female,117,Yes,Pakri,Chittagong,72285
1,2,White,Male,185,Yes,Deshal,Kushtia,72562
2,4,Dark Red,Female,245,No,Aus,Gazipur,72698
2,2,Black,Male,247,No,Deshal,Sharifganj,73654
2,2,Cross,Female,239,Yes,Deshi,Sharifganj,74027
1,2,White and Red,Male,223,No,Jersey,Mymenshing,74417
3,5,Brown,Female,325,Yes,Nepali,Kurigram,74467
5,7,Black and White,Female,148,Yes,Shahiwal,Mymenshing,74609
1,2,Black,Male,160,Yes,Deshi,Pabna,75000
1,2,Black,Male,204,No,Deshi,Mymenshing,75007
1,2,Red and Brown,Male,204,Yes,Deshal,Naogaon,75349
2,4,Black and White,Female,234,No,Nafimoni,Naogaon,75489
3,5,Black and Brown,Female,170,No,Shahiwal,Sylhet,75529
1,2,Black and White,Male,184,No,Shahiwal,Dhaka,75690
3,6,Black,Female,143,Yes,Pakri,Nilfamari,77012
2,4,Black and White,Male,135,Yes,Deshi,Kushtia,78866
2,4,Dark Red,Female,215,Yes,Deshi,Tebunia,79181
5,7,Ash,Male,212,Yes,Deshal,Gazipur,79499
3,4,Cross,Male,155,Yes,Holstein Cross,Mirpur,79613
5,7,White and Red,Female,217,Yes,Shahiwal,Pabna,79682
5,7,Mixed,Female,160,Yes,Local,Dhaka,79788
1,2,Black,Female,203,Yes,Pakri,Mymenshing,79851
2,2,Black,Male,80,Yes,Deshi,Nilfamari,80000
4,8,Cross,Male,278,No,Pakri,Mymenshing,81413
3,6,Black,Male,284,No,Hybrid,Tebunia,81485
2,2,Black and White,Female,137,Yes,Deshal,Pabna,82089
3,6,White and Red,Female,112,No,Brahma cross,Kushtia,82137
4,7,Red,Male,188,Yes,Deshi,Naogaon,82609
3,6,Mixed,Female,229,No,Holstein Cross,Naogaon,82612
5,7,Black,Female,277,No,Deshal,Dhaka,82792
2,4,Ash,Male,489,No,Nepali,Pabna,82876
5,7,Mixed,Female,152,No,Deshal,Kushtia,83252
3,6,Mixed,Male,280,No,Brahma,Mymenshing,83281
4,7,Cross,Male,225,No,Nepali,Kurigram,83920
2,4,White,Male,202,Yes,Holstein Cross,Dhaka,84094
1,2,Red,Male,224,Yes,Deshi,Naogaon,84112
4,6,Black,Female,203,Yes,Deshi,Gazipur,84227
5,7,Black,Male,269,No,Jersey,Tebunia,84341
2,4,Red,Male,126,Yes,Deshal,Gazipur,84474
3,4,Black and White,Female,173,No,Cross,Naogaon,84509
1,2,Red,Male,131,No,Holstein Friesian,Mymenshing,84689
2,4,Red,Male,292,Yes,Shahiwal,Pabna,84698
2,3,Black,Male,90,Yes,Local,Nilfamari,85000
1,2,Red,Male,90,No,Deshi,Rangpur,85000
1,2,Black,Male,200,Yes,Deshi,Pabna,85000
3,5,Brown,Male,267,Yes,Cross,Mymenshing,85145
2,2,Dark Red,Female,162,Yes,Deshi,Tebunia,85308
2,3,Brown,Female,365,Yes,Deshal,Bogura,85349
4,6,Brown,Female,130,Yes,Nafimoni,Chittagong,85489
3,5,Red and Brown,Male,343,Yes,Brahma,Kushtia,85501
2,3,Red,Male,267,No,Deshi,Naogaon,85974
5,7,Black,Female,324,No,Holstein Cross,Kurigram,87588
3,4,Black,Male,188,Yes,Holstein Cross,Mymenshing,87960
3,5,Black and White,Female,269,Yes,Brahma,Kishoreganj,88420
5,7,Black and Brown,Female,257,Yes,Deshal,Mymenshing,88470
3,5,Black and Brown,Male,194,Yes,Deshal,Chittagong,88530
5,7,White,Male,152,Yes,Holstein Cross,Kushtia,88656
4,8,White and Red,Male,169,Yes,Deshi,Dhaka,88682
1,2,Black and Brown,Male,295,No,Nafimoni,Tebunia,88709
1,2,Red,Male,164,Yes,Brahma cross,Mymenshing,88738
2,2,Black and White,Female,160,Yes,Cross,Sharifganj,89081
3,4,Red,Male,164,Yes,Shahiwal,Tebunia,89153
4,7,Cross,Male,822,No,Cross,Kurigram,89204
3,6,White and Red,Male,211,No,Jersey,Tebunia,89674
5,7,Red,Male,150,Yes,Hybrid,Tebunia,89699
2,3,Light Red,Male,186,Yes,Shahiwal,Kushtia,89750
3,6,Black and White,Male,196,Yes,Deshal,Mymenshing,89906
2,2,Light Red,Male,314,Yes,Nafimoni,Bogura,90346
3,6,Black,Male,224,No,Deshal,Kurigram,90363
3,6,Red and Brown,Female,348,Yes,Cross,Dhaka,91026
2,3,Red,Female,256,Yes,Deshal,Naogaon,91053
4,8,Mixed,Male,137,Yes,Deshi,Naogaon,91246
5,7,Black,Male,268,No,Holstein Cross,Dhaka,91922
4,7,Red,Male,271,Yes,Cross,Naogaon,91938
3,6,Black,Male,423,No,Shahiwal,Kushtia,91974
5,7,Black and White,Male,198,Yes,Deshal,Sylhet,92131
1,2,Ash,Male,165,Yes,Deshal,Tebunia,92305
4,6,White,Male,174,Yes,Cross,Kurigram,92437
5,7,Red,Female,164,No,Local,Mymenshing,92466
2,4,Black and Brown,Male,159,Yes,Holstein Cross,Mymenshing,94086
2,3,Red,Female,210,No,Cross,Tebunia,94258
3,4,Light Red,Male,160,Yes,Hybrid,Tebunia,94524
3,4,Black,Female,147,Yes,Deshal,Tebunia,94866
2,4,Cross,Male,2,Yes,Hybrid,Sabujbagh,94872
5,7,Brown,Male,339,Yes,Jersey,Narayanganj,95061
1,2,Red,Male,265,Yes,Nepali,Mymenshing,95094
4,8,Red,Female,268,Yes,Shahiwal,Tebunia,95110
3,6,White,Female,441,No,Local,Naogaon,95330
2,2,Red,Male,180,Yes,Deshal,Gazipur,95400
2,3,Black and Brown,Female,194,Yes,Holstein Cross,Kurigram,95487
4,7,Ash,Female,262,No,Shahiwal,Kushtia,95497
1,2,Red,Male,229,Yes,Pakri,Mymenshing,95536
1,2,Black,Male,222,No,Pakri,Nilfamari,96393
3,6,Red,Female,150,No,Holstein Friesian,Narayanganj,96474
2,2,Light Red,Male,227,Yes,Deshal,Kurigram,96726
5,7,Mixed,Female,177,Yes,Deshal,Mymenshing,96917
5,7,Black and White,Male,289,No,Hybrid,Mymenshing,96989
3,4,Cross,Male,182,Yes,Nepali,Gazipur,97274
2,2,Red and Brown,Male,377,No,Brahma,Mymenshing,97322
2,2,Black,Male,190,No,Holstein Cross,Mymenshing,97541
2,3,Brown,Male,465,Yes,Holstein Cross,Sylhet,97581
3,4,Red,Female,196,Yes,Deshi,Kushtia,97692
4,8,Black and Brown,Female,228,No,Deshi,Mymenshing,97870
3,6,Red,Male,184,No,Aus,Tebunia,98007
3,4,Cross,Male,214,Yes,Shahiwal,Tebunia,98450
2,2,Light Red,Male,546,Yes,Deshal,Pabna,99330
3,5,Cross,Female,519,No,Deshal,Bogura,99601
3,4,Black and White,Male,336,Yes,Shahiwal,Nilfamari,99647
3,4,Cross,Female,157,Yes,Deshal,Sabujbagh,99674
3,6,Black and Brown,Male,205,Yes,Holstein Friesian,Pabna,99963
2,3,Red,Male,90,Yes,Local,Kishoreganj,100000
2,4,Black,Male,100,No,Nafimoni,Nilfamari,100000
2,3,Red,Male,100,No,Deshi,Nilfamari,100000
2,2,Black,Male,110,Yes,Local,Nilfamari,100000
2,3,Black,Male,110,Yes,Deshi,Nilfamari,100000
4,6,Black,Male,177,No,Holstein Friesian,Mymenshing,100274
5,7,Brown,Female,232,Yes,Shahiwal,Mymenshing,100343
2,2,White,Male,741,No,Holstein Friesian,Tebunia,100431
1,2,White,Male,185,Yes,Deshal,Chittagong,100538
1,2,Brown,Male,232,Yes,Nafimoni,Nilfamari,100828
3,6,Black and Brown,Male,580,Yes,Local,Gazipur,101054
2,3,White and Red,Male,323,No,Brahma cross,Gazipur,101133
3,6,Black,Male,304,No,Nepali,Kushtia,101604
2,4,Mixed,Female,564,No,Brahma,Dhaka,101777
5,7,Red,Male,333,Yes,Deshal,Tebunia,101996
5,7,Red,Male,238,Yes,Deshal,Tebunia,102009
3,5,Black,Male,206,No,Shahiwal,Mymenshing,102200
1,2,White,Male,220,No,Jersey,Mirpur,102299
2,3,Brown,Male,196,Yes,Hybrid,Dhaka,102827
1,2,White,Male,243,Yes,Cross,Mymenshing,102926
2,2,Cross,Female,268,Yes,Deshal,Dhaka,103219
4,7,Black,Male,179,Yes,Cross,Kushtia,103383
2,2,Light Red,Female,140,Yes,Pakri,Dhaka,103433
2,3,Black and White,Male,210,Yes,Holstein Cross,Mymenshing,103441
2,2,Black,Male,257,No,Hybrid,Pabna,103789
2,3,Cross,Male,220,Yes,Holstein Friesian,Gazipur,103795
4,7,Cross,Male,231,No,Holstein Friesian,Nilfamari,104025
2,2,Cross,Male,268,Yes,Hybrid,Gazipur,104624
2,4,Red,Male,607,Yes,Nepali,Naogaon,104665
2,2,Red,Male,3,Yes,Local,Mymenshing,105000
3,4,Brown,Male,215,No,Deshal,Bogura,105241
3,6,Dark Red,Male,275,No,Deshi,Kushtia,105434
2,2,Red and Brown,Male,188,No,Deshi,Naogaon,105600
4,6,Ash,Male,202,Yes,Deshal,Mirpur,105862
1,2,Black,Male,168,Yes,Deshal,Gazipur,105894
1,2,Black and White,Male,388,Yes,Deshi,Sylhet,106256
5,7,Red,Female,321,Yes,Deshal,Pabna,106310
2,4,Cross,Male,501,Yes,Cross,Dhaka,106419
4,8,Black,Male,278,No,Deshal,Kushtia,106442
4,7,Red,Male,247,Yes,Shahiwal,Naogaon,106489
3,6,Brown,Male,285,No,Holstein Cross,Mymenshing,106536
3,6,Red,Male,202,Yes,Deshal,Tebunia,106550
2,2,Ash,Male,201,No,Deshal,Tebunia,106900
4,6,White,Male,272,Yes,Aus,Mymenshing,107178
4,7,Black,Female,251,Yes,Shahiwal,Mymenshing,107419
2,4,Dark Red,Male,238,Yes,Deshi,Gazipur,107456
4,8,Cross,Male,231,Yes,Brahma cross,Mymenshing,107483
2,4,Red,Male,235,No,Holstein Cross,Gazipur,107513
5,7,Red,Male,170,Yes,Holstein Cross,Narayanganj,107851
1,2,Brown,Male,171,Yes,Deshal,Mymenshing,107930
3,5,Red,Female,159,Yes,Jersey,Gazipur,108010
1,2,White,Male,294,Yes,Shahiwal,Kurigram,108321
4,6,Red,Female,228,No,Deshal,Gazipur,108486
2,4,Ash,Male,205,Yes,Deshal,Kurigram,108650
4,8,Ash,Male,198,Yes,Jersey,Gazipur,108855
1,2,Brown,Male,189,No,Brahma cross,Bogura,109048
2,3,Red and Brown,Female,232,Yes,Hybrid,Rangpur,109072
1,2,Brown,Male,224,No,Holstein Cross,Naogaon,109302
1,2,White and Red,Female,198,Yes,Shahiwal,Kushtia,109366
3,5,Red,Female,195,No,Hybrid,Dhaka,109502
2,4,Ash,Female,257,No,Holstein Cross,Mirpur,109652
4,8,Red,Male,236,Yes,Hybrid,Naogaon,109701
4,7,Ash,Male,287,Yes,Deshal,Dhaka,109766
2,2,White,Male,240,No,Holstein Friesian,Sylhet,109793
2,3,Cross,Male,216,Yes,Deshal,Mymenshing,109900
3,6,Black and Brown,Male,286,No,Deshal,Mymenshing,109985
2,2,Red,Male,6,Yes,Local,Bogura,110000
2,2,Black,Male,6,Yes,Local,Bogura,110000
1,2,Red,Female,238,No,Shahiwal,Kurigram,110179
2,2,Mixed,Male,99,Yes,Hybrid,Dhaka,110228
3,4,Red,Male,268,Yes,Deshal,Kushtia,110381
1,2,White and Red,Female,407,No,Shahiwal,Sabujbagh,110489
2,2,White,Male,242,Yes,Hybrid,Mymenshing,110707
5,7,Red,Male,304,Yes,Deshal,Mymenshing,110711
5,7,White,Male,216,No,Brahma cross,Mymenshing,111594
1,2,Brown,Male,420,No,Holstein Friesian,Nilfamari,112141
2,3,White,Male,295,Yes,Aus,Mymenshing,112274
2,2,Red,Male,200,Yes,Shahiwal,Mymenshing,112750
2,2,Red,Male,296,Yes,Shahiwal,Narayanganj,112760
1,2,Mixed,Female,254,No,Holstein Cross,Mymenshing,112904
3,4,Black and Brown,Female,343,Yes,Deshal,Mirpur,113117
5,7,Dark Red,Male,216,Yes,Holstein Cross,Kurigram,113174
5,7,Brown,Male,253,Yes,Brahma cross,Rangpur,113187
1,2,Black,Male,323,Yes,Shahiwal,Kurigram,113256
1,2,Ash,Male,186,Yes,Shahiwal,Rangpur,113302
4,7,Ash,Male,260,Yes,Local,Mymenshing,113518
5,7,Brown,Male,243,No,Shahiwal,Sharifganj,113715
3,5,Black and White,Male,320,Yes,Holstein Cross,Bogura,113923
2,4,Red,Male,340,Yes,Brahma,Sharifganj,114539
2,2,Black and Brown,Female,283,Yes,Deshal,Tebunia,114742
1,2,White,Male,347,Yes,Holstein Cross,Mymenshing,114752
3,4,Black and Brown,Female,560,No,Local,Gazipur,114946
3,5,White and Red,Female,340,Yes,Cross,Nilfamari,114987
3,6,Black,Male,296,Yes,Deshal,Gazipur,115160
3,6,Red,Male,253,Yes,Hybrid,Narayanganj,115213
1,2,Red,Male,287,Yes,Deshi,Kushtia,115330
4,8,Black,Female,247,Yes,Local,Rangpur,115410
1,2,Light Red,Female,1,No,Local,Tebunia,115429
2,4,Red,Male,218,Yes,Shahiwal,Tebunia,115540
4,7,Black,Male,257,No,Shahiwal,Gazipur,115541
3,5,Red,Female,481,No,Jersey,Tebunia,116141
4,6,Cross,Male,224,Yes,Deshi,Nilfamari,116195
4,7,Black,Female,349,No,Pakri,Gazipur,116222
3,6,Cross,Male,285,Yes,Hybrid,Chittagong,116251
2,4,Light Red,Male,264,Yes,Shahiwal,Mymenshing,116285
5,7,Red and Brown,Male,251,Yes,Jersey,Narayanganj,116286
3,4,Ash,Male,220,No,Holstein Cross,Gazipur,116486
1,2,Mixed,Male,218,No,Shahiwal,Nilfamari,116695
2,4,Red,Male,244,Yes,Hybrid,Narayanganj,117048
3,6,Mixed,Male,299,No,Brahma,Tebunia,117327
1,2,Ash,Male,185,Yes,Brahma cross,Sharifganj,117504
2,4,White,Male,253,Yes,Deshal,Kushtia,117700
2,2,Red,Male,186,Yes,Deshi,Dhaka,118000
1,2,Red,Male,306,No,Deshal,Sabujbagh,118134
2,2,Red,Male,215,Yes,Deshal,Mymenshing,118250
5,7,Brown,Male,231,Yes,Holstein Cross,Bogura,118482
2,2,Cross,Male,224,Yes,Shahiwal,Mymenshing,118750
4,6,Black,Male,241,No,Nafimoni,Mymenshing,118899
5,7,Ash,Male,238,No,Nepali,Naogaon,118937
3,5,Red,Male,208,Yes,Shahiwal,Nilfamari,118937
2,2,Black and Brown,Male,217,Yes,Deshi,Naogaon,119350
2,4,Ash,Male,259,No,Deshal,Gazipur,119400
4,7,Ash,Female,230,No,Brahma,Mymenshing,119640
3,6,Cross,Female,228,No,Deshi,Bogura,119677
4,6,Ash,Female,234,Yes,Nafimoni,Naogaon,119833
4,8,White,Female,392,Yes,Nafimoni,Rangpur,119938
2,4,Black,Male,9,Yes,Local,Pabna,120000
2,3,Black and Brown,Male,100,Yes,Deshi,Sylhet,120000
3,4,Black and White,Male,220,Yes,Deshi,Naogaon,120000
2,3,Black,Male,294,No,Shahiwal,Gazipur,120016
2,3,Dark Red,Female,258,No,Brahma,Rangpur,120149
3,6,Black,Female,220,Yes,Nafimoni,Tebunia,120363
1,2,Light Red,Male,268,No,Local,Mymenshing,120646
3,5,White,Male,295,No,Brahma,Chittagong,120833
3,6,Black,Male,220,Yes,Deshi,Naogaon,121000
1,2,Brown,Male,311,No,Shahiwal,Sabujbagh,121151
3,6,Red,Male,204,No,Holstein Cross,Tebunia,121396
4,6,White,Male,234,No,Shahiwal,Tebunia,121580
2,2,Black,Male,371,No,Local,Mymenshing,121621
3,6,Brown,Female,263,No,Deshal,Naogaon,121677
5,7,Black and White,Male,177,No,Holstein Friesian,Kurigram,121705
1,2,Red,Male,269,Yes,Shahiwal,Kushtia,121766
2,4,Black,Male,252,No,Deshal,Gazipur,122150
1,2,Brown,Male,241,Yes,Deshal,Bogura,122278
2,4,Black and White,Female,454,Yes,Deshi,Kishoreganj,122322
2,3,Red,Male,244,Yes,Shahiwal,Kushtia,122350
2,4,Red,Male,215,Yes,Local,Naogaon,122362
2,4,White and Red,Female,514,No,Pakri,Mymenshing,122363
3,6,Black,Male,220,Yes,Deshi,Naogaon,122650
1,2,White,Female,237,Yes,Shahiwal,Dhaka,122687
1,2,Black and Brown,Male,289,No,Deshal,Tebunia,122944
5,7,Ash,Male,338,Yes,Deshal,Mymenshing,123125
2,2,Red,Male,200,Yes,Deshal,Gazipur,123650
2,2,Black,Male,218,No,Deshal,Kushtia,123650
4,6,Ash,Female,267,No,Local,Kishoreganj,123702
2,4,Brown,Male,225,No,Deshi,Naogaon,123750
2,4,Ash,Male,247,Yes,Deshal,Tebunia,123900
5,7,Red,Male,246,No,Pakri,Kushtia,124106
5,7,Red,Male,346,Yes,Holstein Cross,Mirpur,124545
4,6,Black,Male,265,Yes,Deshi,Nilfamari,124592
3,5,Black and Brown,Male,229,Yes,Deshi,Naogaon,125000
2,4,Black,Male,603,Yes,Deshal,Kushtia,125208
3,4,Mixed,Female,364,Yes,Shahiwal,Sylhet,125252
4,7,Light Red,Male,230,Yes,Holstein Friesian,Chittagong,125298
2,4,Dark Red,Male,336,No,Deshal,Naogaon,125321
2,2,Mixed,Male,202,Yes,Shahiwal,Kushtia,125400
4,6,Red,Male,271,Yes,Deshi,Naogaon,125607
5,7,White,Female,263,No,Holstein Cross,Kishoreganj,125658
3,4,Red and Brown,Male,314,Yes,Deshal,Sharifganj,125918
1,2,Cross,Male,291,No,Deshal,Mymenshing,125974
2,4,Red,Male,240,Yes,Deshal,Mymenshing,126000
2,2,Cross,Male,387,Yes,Holstein Cross,Sharifganj,126041
4,6,Cross,Male,353,Yes,Hybrid,Mymenshing,126077
1,2,Cross,Male,225,Yes,Nafimoni,Kushtia,126630
3,5,Brown,Female,155,Yes,Shahiwal,Kushtia,126737
2,3,Mixed,Male,38,Yes,Pakri,Gazipur,126931
3,5,Cross,Male,247,Yes,Local,Mymenshing,126946
2,3,Brown,Female,249,Yes,Deshal,Mymenshing,126959
2,4,Red,Male,242,Yes,Deshal,Mymenshing,127050
2,2,Red,Male,242,Yes,Deshal,Mymenshing,127050
4,8,Red,Male,287,Yes,Holstein Cross,Kurigram,127197
2,3,Ash,Male,296,Yes,Nepali,Gazipur,127235
2,2,Red,Male,243,Yes,Deshal,Mymenshing,127575
5,7,Red,Male,257,Yes,Shahiwal,Dhaka,127657
4,8,Brown,Male,311,Yes,Holstein Cross,Pabna,127699
4,8,Red and Brown,Male,262,Yes,Local,Sharifganj,127831
3,4,Black,Male,230,Yes,Deshi,Naogaon,128150
3,6,Mixed,Male,221,Yes,Deshal,Sharifganj,128173
3,4,Black,Male,534,Yes,Aus,Rangpur,128374
3,4,Cross,Male,490,Yes,Nafimoni,Kurigram,128417
3,5,Ash,Male,471,No,Jersey,Mymenshing,128499
1,2,Black and White,Male,226,Yes,Holstein Cross,Mymenshing,128512
2,3,Ash,Male,225,Yes,Deshal,Nilfamari,128571
2,4,Black and White,Female,197,Yes,Cross,Mymenshing,128654
2,2,Ash,Male,239,No,Deshal,Kurigram,128800
4,7,Mixed,Male,300,Yes,Deshi,Mymenshing,128834
5,7,Cross,Male,350,Yes,Holstein Cross,Dhaka,128877
5,7,Red,Male,276,Yes,Deshal,Gazipur,128913
3,4,Black,Male,256,No,Deshal,Mymenshing,129046
3,4,White,Male,326,Yes,Shahiwal,Mymenshing,129171
5,7,White,Male,272,No,Deshal,Kushtia,129235
2,4,White and Red,Female,245,Yes,Holstein Cross,Kurigram,129274
2,4,Red,Female,208,Yes,Deshal,Kushtia,129729
5,7,Mixed,Female,229,Yes,Local,Chittagong,129824
3,6,Mixed,Female,239,Yes,Holstein Friesian,Mymenshing,129926
5,7,Black,Male,318,No,Deshal,Naogaon,129939
5,7,White and Red,Male,273,Yes,Brahma cross,Sabujbagh,129987
1,2,Ash,Male,227,Yes,Holstein Cross,Mymenshing,130490
3,6,Red,Male,296,Yes,Cross,Nilfamari,130570
1,2,Brown,Male,287,No,Deshi,Dhaka,130663
1,2,Red,Male,302,No,Shahiwal,Pabna,130807
2,3,Brown,Male,277,Yes,Holstein Cross,Chittagong,130881
4,8,Brown,Male,279,Yes,Hybrid,Naogaon,130984
2,2,Black,Male,258,No,Deshal,Tebunia,131050
2,2,White,Male,204,Yes,Shahiwal,Mymenshing,131250
4,6,Black,Male,240,Yes,Holstein Cross,Kushtia,131321
2,3,Black,Male,275,Yes,Deshal,Mymenshing,131450
3,6,Red,Male,438,Yes,Holstein Cross,Rangpur,131481
2,3,Cross,Male,254,Yes,Local,Kushtia,131552
3,5,Red,Male,283,No,Holstein Friesian,Sharifganj,131595
3,5,Brown,Male,1,No,Holstein Cross,Sylhet,131658
5,7,White and Red,Male,259,Yes,Pakri,Tebunia,131791
4,7,Ash,Male,189,Yes,Holstein Cross,Mymenshing,131992
4,7,Cross,Male,287,No,Shahiwal,Mymenshing,132179
2,2,Cross,Male,207,No,Deshal,Mymenshing,132250
1,2,Red,Female,199,Yes,Hybrid,Mymenshing,132302
5,7,White,Male,266,Yes,Deshal,Nilfamari,132369
2,4,Mixed,Male,271,Yes,Nafimoni,Naogaon,132676
3,6,Red,Male,258,No,Deshi,Nilfamari,132719
3,6,White,Male,207,Yes,Shahiwal,Tebunia,132900
2,2,Light Red,Female,274,Yes,Brahma cross,Mirpur,132923
1,2,White and Red,Female,317,Yes,Deshal,Naogaon,133002
4,6,Cross,Male,383,Yes,Jersey,Kushtia,133096
3,4,White,Male,275,Yes,Brahma,Gazipur,133181
2,2,Brown,Male,232,No,Shahiwal,Kurigram,133200
4,8,White and Red,Male,279,Yes,Holstein Cross,Kushtia,133221
1,2,Black and White,Male,305,Yes,Holstein Friesian,Kushtia,133339
4,7,Light Red,Male,255,Yes,Deshal,Sharifganj,133387
3,5,Black,Male,209,No,Shahiwal,Mirpur,133626
2,2,Cross,Male,265,Yes,Holstein Friesian,Gazipur,133684
2,2,Red,Male,255,Yes,Deshal,Mymenshing,133875
2,3,Red,Male,255,Yes,Deshal,Mymenshing,133875
5,7,Black and White,Male,293,Yes,Aus,Mymenshing,133894
2,3,Cross,Male,308,No,Holstein Cross,Gazipur,133941
4,6,Red,Male,225,Yes,Shahiwal,Mymenshing,133942
3,6,Cross,Female,253,No,Holstein Cross,Gazipur,134007
5,7,Light Red,Female,308,No,Cross,Kushtia,134353
5,7,Red,Male,225,No,Shahiwal,Tebunia,134714
5,7,Ash,Female,261,No,Local,Sharifganj,134737
4,6,Red,Male,335,Yes,Brahma,Pabna,134754
3,4,Ash,Male,238,Yes,Shahiwal,Mymenshing,135100
1,2,Black and Brown,Male,259,Yes,Deshal,Mymenshing,135132
2,3,Light Red,Male,400,Yes,Holstein Cross,Sabujbagh,135167
1,2,Red,Male,301,Yes,Shahiwal,Mirpur,135242
3,6,Ash,Female,450,No,Brahma cross,Kurigram,135254
4,6,Light Red,Female,257,Yes,Holstein Cross,Sabujbagh,135356
3,4,White,Male,263,Yes,Shahiwal,Gazipur,135400
4,8,Black,Female,235,No,Holstein Friesian,Kurigram,135546
3,5,Black,Male,250,Yes,Deshi,Naogaon,136000
2,4,Red,Male,250,Yes,Deshi,Naogaon,136000
2,4,Black and Brown,Male,320,Yes,Deshal,Sabujbagh,136059
2,3,Red,Male,250,Yes,Deshal,Mymenshing,136400
5,7,White,Male,294,Yes,Deshal,Nilfamari,136408
2,2,Red,Male,260,Yes,Deshal,Mymenshing,136500
1,2,Red,Male,289,Yes,Brahma,Mymenshing,136548
3,6,Red,Female,244,No,Aus,Sharifganj,136559
3,5,Red and Brown,Male,322,No,Holstein Cross,Mirpur,136578
5,7,Red,Male,235,No,Cross,Chittagong,136650
5,7,Cross,Female,271,Yes,Shahiwal,Kushtia,136671
2,3,Red,Male,261,Yes,Deshal,Mymenshing,137025
2,3,White,Male,235,No,Deshi,Mymenshing,137078
4,8,Red,Male,298,Yes,Brahma,Gazipur,137217
3,5,Red,Male,293,Yes,Shahiwal,Dhaka,137258
4,8,Brown,Male,277,Yes,Cross,Mymenshing,137352
4,7,Black,Female,266,Yes,Jersey,Rangpur,137485
2,3,Red,Male,262,Yes,Deshal,Mymenshing,137550
3,6,Ash,Male,269,No,Shahiwal,Gazipur,137700
3,5,Black,Female,486,Yes,Holstein Friesian,Pabna,137752
2,2,White,Male,263,Yes,Deshal,Mymenshing,138000
2,2,Red,Male,250,Yes,Deshal,Mymenshing,138050
5,7,Black and Brown,Male,325,No,Nepali,Gazipur,138080
4,8,Ash,Female,536,Yes,Brahma cross,Mirpur,138126
3,6,White,Male,260,Yes,Shahiwal,Sylhet,138127
2,4,White,Male,226,Yes,Shahiwal,Kushtia,138250
4,7,Ash,Female,369,Yes,Holstein Cross,Pabna,138318
5,7,White,Male,416,Yes,Deshi,Sabujbagh,138465
2,2,Brown,Male,507,No,Brahma,Kishoreganj,138492
2,2,Red,Male,264,Yes,Deshal,Mymenshing,138600
2,2,Ash,Male,350,No,Holstein Cross,Tebunia,138678
2,4,Ash,Male,262,Yes,Shahiwal,Mymenshing,138850
1,2,Red,Male,267,Yes,Deshi,Gazipur,138989
5,7,Dark Red,Male,223,Yes,Deshal,Kurigram,139191
4,6,Red,Male,557,Yes,Holstein Friesian,Gazipur,139301
4,7,Ash,Female,312,Yes,Deshi,Dhaka,139463
3,6,Light Red,Male,259,Yes,Deshi,Gazipur,139488
4,8,Black and White,Male,291,Yes,Deshi,Tebunia,139604
3,4,Black and White,Female,281,Yes,Deshal,Chittagong,139635
2,4,White,Male,266,Yes,Deshal,Mymenshing,139650
2,2,Red,Male,250,Yes,Deshal,Mymenshing,139700
5,7,Ash,Female,349,Yes,Shahiwal,Mymenshing,139781
4,8,Brown,Male,310,Yes,Jersey,Mymenshing,139965
2,4,Red,Male,80,Yes,Local,Nilfamari,140000
3,5,White,Male,258,Yes,Shahiwal,Kushtia,140050
3,5,Black and Brown,Male,272,Yes,Local,Dhaka,140142
3,6,Black and Brown,Female,310,Yes,Cross,Rangpur,140235
2,4,Red,Male,239,No,Shahiwal,Kushtia,140400
2,2,Ash,Male,258,Yes,Deshi,Sharifganj,140401
3,4,Cross,Female,1,No,Deshi,Sylhet,140412
3,6,Mixed,Female,59,Yes,Brahma cross,Kurigram,140427
2,3,Black,Male,326,Yes,Holstein Cross,Mymenshing,140556
2,2,Cross,Male,731,Yes,Holstein Cross,Nilfamari,140574
1,2,Black and Brown,Male,255,No,Pakri,Kurigram,140574
2,2,Ash,Male,330,No,Deshal,Naogaon,140625
3,6,Brown,Male,218,No,Shahiwal,Kurigram,140700
5,7,Red,Male,249,Yes,Shahiwal,Mirpur,141133
3,5,Black and Brown,Female,459,No,Deshi,Mymenshing,141254
2,2,Light Red,Female,109,Yes,Nepali,Nilfamari,141434
5,7,Black,Male,311,Yes,Holstein Cross,Mymenshing,141523
5,7,Black and Brown,Female,282,Yes,Shahiwal,Mymenshing,141587
2,2,Brown,Male,238,No,Nepali,Naogaon,141927
3,4,White,Female,209,Yes,Hybrid,Chittagong,142003
3,5,White,Male,305,Yes,Shahiwal,Kushtia,142100
4,6,Brown,Male,327,Yes,Hybrid,Gazipur,142263
3,6,Ash,Male,312,Yes,Shahiwal,Gazipur,142300
5,7,Black and Brown,Male,199,No,Shahiwal,Naogaon,142311
2,2,Light Red,Female,307,Yes,Brahma cross,Mirpur,142406
5,7,Mixed,Male,277,No,Holstein Cross,Dhaka,142511
2,4,Dark Red,Male,400,No,Deshal,Sabujbagh,142618
3,4,White and Red,Male,292,No,Shahiwal,Sylhet,142680
2,4,Cross,Male,299,Yes,Shahiwal,Mymenshing,142735
5,7,White,Female,344,Yes,Deshi,Nilfamari,142811
2,3,Red,Male,255,Yes,Deshal,Mymenshing,143000
4,8,White and Red,Male,451,No,Holstein Cross,Kushtia,143264
2,4,Brown,Male,225,Yes,Local,Kishoreganj,143549
5,7,Red,Male,290,Yes,Brahma cross,Rangpur,143741
3,4,Red,Female,77,No,Deshal,Chittagong,143784
3,4,Ash,Male,228,No,Holstein Friesian,Dhaka,143970
3,5,Black and Brown,Male,260,Yes,Deshi,Naogaon,144000
2,2,Red,Male,260,Yes,Deshal,Mymenshing,144100
2,3,Brown,Male,316,No,Shahiwal,Mymenshing,144150
1,2,Red,Male,305,No,Local,Mirpur,144297
3,5,Red,Male,305,No,Pakri,Naogaon,144443
1,2,White,Male,306,Yes,Jersey,Tebunia,144819
4,8,Dark Red,Male,384,Yes,Deshi,Kishoreganj,144919
2,3,Ash,Male,259,Yes,Deshal,Kurigram,144950
1,2,Red,Male,80,No,Deshi,Dhaka,145000
1,2,Light Red,Male,374,Yes,Holstein Friesian,Bogura,145135
3,5,Red,Male,283,Yes,Shahiwal,Naogaon,145280
2,2,Red,Male,277,Yes,Deshal,Mymenshing,145425
3,5,White,Male,168,Yes,Deshal,Dhaka,145484
3,6,Cross,Female,249,Yes,Holstein Friesian,Pabna,145521
3,6,Red,Male,224,Yes,Deshi,Kurigram,145527
3,4,Brown,Male,237,No,Deshal,Kushtia,145550
4,7,Black,Female,398,Yes,Holstein Friesian,Kurigram,145579
3,6,Cross,Male,260,Yes,Deshi,Kurigram,145587
2,2,Red,Female,160,Yes,Holstein Friesian,Sharifganj,145631
2,3,Cross,Male,284,No,Deshal,Mymenshing,145800
4,7,Red,Male,490,Yes,Shahiwal,Kurigram,145984
5,7,Cross,Female,246,Yes,Holstein Friesian,Rangpur,146378
3,5,Ash,Male,293,No,Shahiwal,Dhaka,146549
5,7,Black,Male,276,Yes,Deshi,Bogura,146973
4,6,Black and White,Male,285,No,Deshal,Sylhet,146974
2,2,Black and White,Male,432,Yes,Deshal,Sylhet,146978
2,4,Red,Male,239,Yes,Shahiwal,Mirpur,147034
2,3,Mixed,Male,288,No,Brahma,Dhaka,147050
2,2,White,Male,284,No,Shahiwal,Tebunia,147150
4,7,Black,Female,345,Yes,Shahiwal,Naogaon,147168
4,8,White,Male,280,No,Deshal,Mymenshing,147186
5,7,Red,Male,320,No,Shahiwal,Mymenshing,147276
2,3,Black,Male,249,Yes,Shahiwal,Kurigram,147700
4,7,Red,Female,307,Yes,Nafimoni,Narayanganj,147992
3,5,Black and White,Male,275,Yes,Jersey,Naogaon,148000
2,4,Red,Male,285,No,Brahma cross,Bogura,148221
3,5,Cross,Male,249,No,Deshi,Bogura,148329
2,3,Black,Male,291,Yes,Shahiwal,Mymenshing,148450
4,7,Black,Female,307,No,Deshal,Mymenshing,148463
2,4,Black and White,Male,505,No,Deshal,Mirpur,148479
2,4,Light Red,Male,216,No,Deshi,Sharifganj,148532
3,5,Light Red,Male,251,No,Nafimoni,Mymenshing,148576
4,7,Ash,Male,311,Yes,Nafimoni,Kurigram,148588
2,3,Ash,Male,236,No,Deshal,Kushtia,148650
2,3,Mixed,Male,47,Yes,Shahiwal,Kishoreganj,148694
3,5,White,Male,379,Yes,Brahma cross,Tebunia,148777
1,2,Mixed,Male,298,Yes,Local,Mymenshing,148820
4,7,Mixed,Male,468,Yes,Nafimoni,Kushtia,148931
2,3,Red,Male,292,Yes,Shahiwal,Mymenshing,148946
2,2,Red,Male,284,Yes,Deshal,Mymenshing,149100
2,2,Red,Male,284,Yes,Deshal,Mymenshing,149100
1,2,Cross,Male,316,Yes,Nepali,Kurigram,149442
4,6,White,Female,303,Yes,Deshi,Mirpur,149825
3,4,Red,Male,4,Yes,Local,Mymenshing,150000
4,8,Red,Male,9,No,Local,Mymenshing,150000
2,3,Red,Male,80,Yes,Local,Nilfamari,150000
1,2,Mixed,Male,383,Yes,Deshal,Gazipur,150056
3,6,Light Red,Male,250,Yes,Hybrid,Nilfamari,150252
5,7,Mixed,Female,285,Yes,Holstein Cross,Mymenshing,150292
3,4,Black,Male,379,Yes,Hybrid,Naogaon,150365
2,3,Black and Brown,Female,74,Yes,Brahma cross,Naogaon,150418
5,7,Red,Male,295,No,Holstein Cross,Tebunia,150512
5,7,White,Male,327,Yes,Pakri,Mymenshing,150723
1,2,Red and Brown,Male,322,Yes,Holstein Cross,Chittagong,150847
4,7,Brown,Male,288,Yes,Shahiwal,Naogaon,150853
5,7,White,Female,385,Yes,Pakri,Gazipur,151165
5,7,Dark Red,Female,343,No,Cross,Gazipur,151261
2,4,Brown,Male,309,Yes,Deshal,Kurigram,151300
4,6,Black and White,Male,378,Yes,Pakri,Gazipur,151371
4,7,White,Female,330,No,Brahma,Kushtia,151375
3,5,Cross,Male,320,No,Shahiwal,Gazipur,151450
2,3,Light Red,Male,403,Yes,Local,Kushtia,151580
2,3,Mixed,Male,418,Yes,Deshi,Gazipur,151629
2,3,Mixed,Male,335,No,Aus,Gazipur,151771
2,2,Red,Male,290,Yes,Deshal,Mymenshing,152250
1,2,White and Red,Male,279,Yes,Deshal,Gazipur,152255
2,3,Red,Male,275,Yes,Deshal,Mymenshing,152350
3,5,Mixed,Male,303,Yes,Deshal,Kushtia,152797
5,7,Light Red,Male,340,No,Holstein Friesian,Naogaon,153114
4,6,Dark Red,Male,339,No,Nepali,Kurigram,153169
2,3,Black,Male,313,Yes,Deshal,Mirpur,153254
5,7,Red,Male,275,Yes,Holstein Cross,Mymenshing,153385
5,7,Ash,Female,300,Yes,Jersey,Mymenshing,153418
3,4,Cross,Male,279,Yes,Holstein Cross,Bogura,153508
2,4,Brown,Male,239,No,Shahiwal,Kushtia,153750
2,2,Red,Male,243,Yes,Deshal,Kurigram,153750
3,5,Black and White,Male,285,Yes,Jersey,Naogaon,154000
4,6,Brown,Female,383,Yes,Local,Gazipur,154126
1,2,Red,Male,246,Yes,Local,Naogaon,154130
5,7,Dark Red,Male,271,No,Deshal,Dhaka,154365
5,7,Red,Male,256,No,Brahma,Mymenshing,154377
2,4,Cross,Male,322,No,Deshi,Tebunia,154432
3,4,Black and White,Female,267,Yes,Nepali,Rangpur,154459
2,2,Red,Male,295,Yes,Deshal,Mymenshing,154875
2,4,Black,Male,80,Yes,Local,Nilfamari,155000
2,3,Red,Male,80,Yes,Local,Nilfamari,155000
1,2,Red and Brown,Male,272,No,Nepali,Narayanganj,155041
3,4,Red,Female,333,No,Brahma,Sylhet,155113
2,3,White,Male,255,Yes,Shahiwal,Kushtia,155150
1,2,Red,Male,361,Yes,Shahiwal,Kushtia,155370
5,7,Mixed,Male,294,No,Aus,Mymenshing,155377
5,7,Red,Male,423,No,Jersey,Mymenshing,155648
3,5,Red,Male,262,Yes,Nafimoni,Naogaon,156031
5,7,Red,Female,255,No,Holstein Cross,Dhaka,156138
4,8,Cross,Female,372,No,Holstein Cross,Sabujbagh,156235
1,2,Red,Male,290,Yes,Nepali,Nilfamari,156386
4,6,Black and Brown,Male,325,Yes,Holstein Cross,Kurigram,156608
5,7,Brown,Male,345,Yes,Holstein Cross,Mymenshing,156657
3,4,Red,Male,361,Yes,Holstein Cross,Mirpur,156688
2,3,Brown,Male,251,No,Shahiwal,Gazipur,156900
3,6,Ash,Male,314,No,Pakri,Gazipur,157295
2,2,White,Male,257,Yes,Deshal,Kushtia,157300
4,8,Red,Male,465,No,Shahiwal,Sylhet,157344
4,7,Cross,Female,283,Yes,Holstein Cross,Kushtia,157450
3,5,Red,Female,283,No,Deshal,Nilfamari,157598
3,4,White,Female,821,Yes,Brahma,Pabna,157797
3,5,White and Red,Male,343,Yes,Local,Sharifganj,157823
4,8,Mixed,Male,270,No,Shahiwal,Naogaon,157896
3,4,Red,Male,291,Yes,Deshi,Chittagong,157926
5,7,Black,Male,391,Yes,Shahiwal,Dhaka,157955
2,2,Red,Male,350,Yes,Deshi,Pabna,158000
1,2,Black and White,Male,367,No,Nepali,Nilfamari,158238
1,2,Dark Red,Female,463,No,Deshi,Kushtia,158262
2,3,Red,Male,285,Yes,Deshal,Mymenshing,158400
3,4,Red,Female,332,Yes,Deshal,Nilfamari,158411
2,2,Black,Male,253,No,Deshal,Rangpur,158635
4,6,Brown,Male,305,Yes,Jersey,Mirpur,158692
1,2,Black,Male,270,Yes,Local,Sharifganj,158772
4,7,Black and White,Male,290,Yes,Deshi,Naogaon,159000
2,3,Red,Male,300,Yes,Shahiwal,Kurigram,159000
1,2,White,Male,262,Yes,Brahma cross,Narayanganj,159060
3,5,Ash,Female,438,No,Shahiwal,Tebunia,159179
3,5,Cross,Female,1,Yes,Deshi,Kurigram,159454
2,2,Red,Male,290,Yes,Deshal,Mymenshing,159500
2,2,Red,Male,6,Yes,Local,Bogura,160000
2,2,Red,Male,80,Yes,Local,Nilfamari,160000
5,7,Black and White,Male,290,Yes,Deshi,Naogaon,160000
3,5,Black and Brown,Male,295,Yes,Deshi,Naogaon,160000
2,3,Mixed,Male,266,Yes,Jersey,Sharifganj,160314
1,2,Black,Male,276,No,Nepali,Mymenshing,160316
4,6,Red,Male,231,Yes,Brahma cross,Narayanganj,160361
4,6,Red,Male,355,Yes,Deshi,Nilfamari,160402
4,6,White,Male,283,Yes,Holstein Cross,Nilfamari,160574
3,4,Black and White,Male,300,No,Jersey,Naogaon,161120
2,4,Cross,Male,300,No,Shahiwal,Kurigram,161250
3,5,Red,Male,416,No,Local,Naogaon,161490
3,4,Cross,Male,273,Yes,Deshal,Pabna,161614
4,8,Cross,Male,309,Yes,Holstein Cross,Sharifganj,161622
2,2,Red,Male,319,No,Nepali,Mymenshing,161679
5,7,White and Red,Male,309,No,Deshal,Naogaon,161896
1,2,Brown,Male,303,Yes,Pakri,Dhaka,162106
4,6,White and Red,Male,406,No,Pakri,Kishoreganj,162235
4,7,Red,Female,432,Yes,Shahiwal,Mymenshing,162261
1,2,Light Red,Male,261,Yes,Deshal,Gazipur,162412
3,6,Red and Brown,Female,377,No,Brahma,Dhaka,162425
2,4,Red,Male,1,No,Brahma,Nilfamari,162550
3,6,Black,Male,263,Yes,Shahiwal,Gazipur,162550
2,4,Ash,Male,359,No,Cross,Sabujbagh,162585
3,5,Cross,Male,296,Yes,Deshal,Mymenshing,162650
3,6,Dark Red,Male,310,No,Cross,Bogura,162909
2,2,Mixed,Female,174,No,Deshal,Nilfamari,163026
4,7,White,Female,1,Yes,Pakri,Bogura,163093
1,2,Black,Male,400,Yes,Shahiwal,Mirpur,163265
2,3,Black,Female,205,Yes,Holstein Cross,Tebunia,163683
4,7,White and Red,Male,294,Yes,Nepali,Bogura,163768
1,2,Black,Female,336,Yes,Deshal,Nilfamari,163854
2,4,Mixed,Male,280,No,Jersey,Sabujbagh,163961
3,5,Black,Female,274,Yes,Deshal,Sabujbagh,164346
2,2,White,Male,266,No,Deshal,Kushtia,164400
4,8,Mixed,Female,158,Yes,Deshal,Kurigram,164759
5,7,Brown,Male,379,Yes,Brahma,Kushtia,164772
2,4,Ash,Male,298,No,Brahma,Dhaka,164824
2,4,Brown,Male,469,Yes,Shahiwal,Kushtia,164956
2,4,Red,Male,5,Yes,Local,Mymenshing,165000
2,2,Ash,Female,431,No,Cross,Naogaon,165064
4,8,White,Male,489,No,Deshal,Tebunia,165141
2,2,Ash,Female,1,No,Deshal,Chittagong,165270
3,6,Cross,Male,357,Yes,Holstein Cross,Mymenshing,165315
3,5,Cross,Male,341,Yes,Shahiwal,Kushtia,165450
3,6,Brown,Male,293,Yes,Shahiwal,Kushtia,165503
3,6,Black and White,Male,501,No,Pakri,Kushtia,165508
3,4,Black,Female,68,Yes,Nafimoni,Gazipur,165558
2,2,Brown,Female,396,Yes,Deshi,Gazipur,165641
5,7,Dark Red,Male,433,Yes,Deshal,Sharifganj,165772
3,5,Black,Female,162,No,Hybrid,Sharifganj,166063
3,4,Mixed,Female,266,Yes,Holstein Cross,Mymenshing,166235
1,2,Cross,Female,307,No,Deshal,Kurigram,166248
2,2,Black,Male,285,Yes,Shahiwal,Kurigram,166250
2,4,Red and Brown,Male,311,No,Holstein Cross,Dhaka,166286
2,4,Red and Brown,Male,371,No,Local,Tebunia,166311
2,4,White,Male,312,No,Hybrid,Nilfamari,166408
2,2,Black,Male,275,Yes,Jersey,Kushtia,166438
4,7,Red and Brown,Female,1,Yes,Jersey,Kurigram,166476
2,3,Black and Brown,Male,321,Yes,Holstein Cross,Mirpur,166942
2,2,Black,Male,315,No,Deshi,Naogaon,167000
5,7,Dark Red,Female,467,Yes,Shahiwal,Mymenshing,167242
2,4,Black,Male,251,Yes,Deshi,Naogaon,167247
2,4,Black,Male,320,Yes,Holstein Friesian,Tebunia,167345
1,2,Cross,Male,283,Yes,Holstein Cross,Mymenshing,167551
3,6,Red,Female,277,Yes,Shahiwal,Dhaka,167681
5,7,Red,Female,365,Yes,Holstein Cross,Kushtia,167772
5,7,Red,Female,336,No,Deshal,Gazipur,167989
2,3,Red,Male,320,Yes,Deshal,Mymenshing,168000
2,2,Ash,Male,317,Yes,Shahiwal,Kurigram,168010
3,5,Black,Male,343,No,Shahiwal,Kurigram,168050
5,7,Brown,Female,277,Yes,Cross,Naogaon,168070
2,3,Red,Male,361,Yes,Deshi,Mymenshing,168116
4,7,Red and Brown,Male,435,No,Hybrid,Gazipur,168133
2,2,Cross,Male,190,No,Deshi,Sharifganj,168240
5,7,White and Red,Male,369,Yes,Deshal,Tebunia,168602
2,3,Cross,Male,263,Yes,Shahiwal,Kushtia,168700
3,6,Black and Brown,Female,148,No,Nafimoni,Naogaon,168749
3,5,Black,Male,364,Yes,Shahiwal,Mymenshing,168850
3,4,White,Male,120,Yes,Brahma,Pabna,168907
3,4,Cross,Female,423,Yes,Deshi,Tebunia,169042
4,6,Black and White,Male,318,Yes,Shahiwal,Rangpur,169203
4,7,Black and Brown,Female,290,No,Cross,Bogura,169471
3,6,Red,Male,263,Yes,Shahiwal,Naogaon,169950
1,2,Red,Male,1,Yes,Deshal,Mymenshing,170000
1,2,Red,Male,1,Yes,Deshal,Mymenshing,170000
1,2,Mixed,Male,1,Yes,Pakri,Mymenshing,170000
1,2,Mixed,Male,1,Yes,Pakri,Mymenshing,170000
3,6,White,Male,3,Yes,Deshal,Mymenshing,170000
3,4,White,Male,3,Yes,Deshal,Mymenshing,170000
2,4,Red,Male,4,Yes,Cross,Mymenshing,170000
2,3,Dark Red,Male,9,Yes,Deshi,Mymenshing,170000
3,4,Red,Male,294,Yes,Local,Mymenshing,170000
3,6,Red,Male,294,Yes,Cross,Mymenshing,170000
2,4,Red,Male,294,Yes,Deshal,Chittagong,170000
2,3,Red,Male,294,Yes,Deshal,Mymenshing,170000
2,3,Red,Male,294,Yes,Brahma,Mymenshing,170000
2,3,Red,Male,294,Yes,Shahiwal,Mymenshing,170000
2,3,Black,Male,294,Yes,Deshal,Mirpur,170000
2,4,Red,Male,294,Yes,Deshal,Mymenshing,170000
2,3,Red,,294,,Deshal,Mymenshing,170000
2,4,Red,Male,294,Yes,Deshal,Chittagong,170000
2,3,Red,Male,294,Yes,Deshal,Mymenshing,170000
2,2,Red,Male,294,Yes,Brahma,Mymenshing,170000
2,3,Red,Male,294,Yes,Shahiwal,Mymenshing,170000
2,3,Black,Male,294,Yes,Deshal,Mirpur,170000
2,4,Red,Male,294,Yes,Deshal,Mymenshing,170000
2,2,Red,Male,294,Yes,Pakri,Mymenshing,170000
2,3,Red,Male,294,Yes,Pakri,Mymenshing,170000
3,6,Black and White,Male,294,Yes,Aus,Mymenshing,170000
2,2,Ash,Male,311,Yes,Shahiwal,Kurigram,170000
4,6,Brown,Male,314,No,Holstein Cross,Narayanganj,170010
3,5,Mixed,Male,132,No,Holstein Friesian,Sabujbagh,170223
4,7,Mixed,Male,436,Yes,Brahma cross,Sabujbagh,170312
2,4,Red,Female,284,Yes,Brahma cross,Mymenshing,170335
5,7,Black,Male,276,No,Deshal,Kurigram,170436
4,8,Dark Red,Female,289,No,Local,Pabna,170681
1,2,White,Male,323,No,Local,Chittagong,170684
2,2,White,Male,264,No,Deshal,Tebunia,171150
4,8,Red,Male,323,Yes,Jersey,Naogaon,171190
4,8,Black,Male,272,Yes,Deshal,Tebunia,171206
2,2,Cross,Female,316,Yes,Nafimoni,Sabujbagh,171212
1,2,Mixed,Male,635,Yes,Deshi,Naogaon,171241
2,4,Black and White,Female,294,Yes,Deshi,Kurigram,171278
3,6,Cross,Male,323,No,Deshal,Kurigram,171350
5,7,Black and Brown,Female,291,Yes,Hybrid,Mymenshing,171481
2,4,Cross,Female,303,Yes,Deshi,Sabujbagh,171624
3,5,White,Male,420,Yes,Jersey,Mymenshing,171634
3,4,Red and Brown,Female,279,Yes,Jersey,Kushtia,172068
4,6,Cross,Male,326,No,Deshal,Sylhet,172143
4,7,Brown,Female,354,Yes,Hybrid,Sharifganj,172487
3,4,Ash,Male,294,Yes,Shahiwal,Tebunia,172850
3,4,White,Female,178,Yes,Pakri,Narayanganj,172947
4,8,Black,Male,325,Yes,Shahiwal,Kushtia,172978
3,5,White,Male,137,Yes,Nepali,Kurigram,173006
3,6,Mixed,Male,376,No,Brahma cross,Nilfamari,173379
1,2,Brown,Male,331,No,Shahiwal,Mirpur,173596
3,6,White,Male,253,No,Aus,Sharifganj,173656
1,2,Red and Brown,Male,405,Yes,Local,Mymenshing,173664
1,2,Red,Male,307,Yes,Shahiwal,Kushtia,173664
2,2,Red,Male,206,No,Deshi,Naogaon,174159
2,2,Ash,Female,182,No,Deshi,Bogura,174356
4,7,Red,Male,681,Yes,Holstein Cross,Mymenshing,174416
2,2,Black and Brown,Male,193,Yes,Holstein Friesian,Nilfamari,174479
5,7,Light Red,Male,374,No,Cross,Mymenshing,174636
3,5,Red,Male,385,Yes,Jersey,Dhaka,174653
2,4,Red,Male,317,No,Deshal,Rangpur,174660
5,7,White,Male,357,Yes,Hybrid,Kishoreganj,174985
2,3,Mixed,Female,366,No,Holstein Cross,Tebunia,175030
2,4,Ash,Male,301,No,Pakri,Tebunia,175036
2,3,Red,Male,341,Yes,Deshal,Mymenshing,175100
2,4,Red,Male,330,Yes,Deshi,Naogaon,175430
3,5,Black and White,Male,289,No,Holstein Cross,Tebunia,175554
1,2,Ash,Male,455,Yes,Deshal,Mymenshing,175765
3,4,Mixed,Female,147,No,Cross,Kishoreganj,175827
1,2,Ash,Male,436,No,Local,Mymenshing,175944
2,4,Brown,Female,593,No,Cross,Sabujbagh,176003
3,6,Black and Brown,Male,371,No,Nepali,Gazipur,176558
2,2,Red,Male,290,Yes,Shahiwal,Kurigram,176600
3,4,Red,Male,391,Yes,Deshal,Kurigram,176600
4,6,Cross,Female,388,Yes,Deshi,Chittagong,176689
3,4,Dark Red,Female,327,Yes,Deshal,Kurigram,176693
5,7,Mixed,Male,314,Yes,Hybrid,Tebunia,176720
1,2,White,Female,332,Yes,Aus,Nilfamari,176729
4,8,Black,Male,314,Yes,Holstein Cross,Dhaka,176831
2,3,Mixed,Female,89,Yes,Brahma cross,Sylhet,176881
2,4,Red,Male,309,Yes,Deshal,Kurigram,176894
2,2,White,Male,276,Yes,Shahiwal,Mymenshing,176900
5,7,Red,Male,314,Yes,Jersey,Mirpur,176920
2,2,Red,Male,322,Yes,Deshal,Kushtia,176965
1,2,Cross,Male,488,Yes,Deshal,Sylhet,177375
3,4,Red,Male,274,Yes,Aus,Dhaka,177554
2,4,Brown,Male,384,Yes,Deshal,Gazipur,177750
5,7,Mixed,Male,303,No,Shahiwal,Sabujbagh,177916
2,4,Dark Red,Male,350,No,Jersey,Dhaka,177918
1,2,Black and Brown,Male,443,Yes,Pakri,Kurigram,178137
1,2,Black,Female,459,No,Holstein Cross,Nilfamari,178241
2,4,Black,Male,380,Yes,Shahiwal,Mymenshing,178350
3,6,Black,Male,281,No,Local,Gazipur,178648
5,7,Red,Female,308,Yes,Shahiwal,Mymenshing,178699
1,2,Cross,Male,461,No,Deshal,Kushtia,179168
5,7,Black,Male,317,Yes,Hybrid,Sharifganj,179845
2,4,White,Male,411,No,Brahma cross,Mirpur,179871
2,2,Red,Male,294,Yes,Local,Mymenshing,180000
4,7,Black and White,Male,288,Yes,Nafimoni,Sabujbagh,180144
1,2,Black and Brown,Male,324,No,Shahiwal,Mymenshing,180540
3,5,Cross,Female,312,Yes,Holstein Cross,Nilfamari,180676
2,4,Ash,Male,368,Yes,Shahiwal,Tebunia,181050
4,7,Black and White,Male,358,No,Brahma,Mymenshing,181090
3,5,Cross,Male,581,Yes,Brahma cross,Pabna,181112
5,7,Black,Male,324,No,Local,Kurigram,181387
3,5,Red,Male,330,Yes,Deshal,Mymenshing,181500
3,4,Black,Male,314,No,Shahiwal,Kurigram,181600
4,8,Black,Male,426,No,Jersey,Naogaon,181667
3,6,Red,Male,242,No,Holstein Friesian,Nilfamari,181684
5,7,Red,Female,311,Yes,Jersey,Kurigram,181852
2,2,Brown,Male,275,Yes,Deshal,Mymenshing,182000
2,4,Cross,Female,445,No,Holstein Cross,Rangpur,182235
5,7,Red,Female,369,Yes,Pakri,Mymenshing,182691
2,2,Black,Male,316,Yes,Shahiwal,Kurigram,182850
4,8,Red,Male,345,Yes,Deshi,Naogaon,182850
1,2,Red and Brown,Male,697,Yes,Cross,Dhaka,182968
3,6,White,Male,385,No,Shahiwal,Kushtia,183050
3,4,Black and White,Male,622,Yes,Hybrid,Kishoreganj,183638
3,4,Red,Male,364,Yes,Shahiwal,Kushtia,183850
4,8,Red,Female,324,Yes,Aus,Nilfamari,183881
2,2,White,Female,471,No,Deshal,Nilfamari,183995
3,6,Ash,Male,385,No,Shahiwal,Mymenshing,184000
2,4,Red,Male,339,No,Deshal,Mymenshing,184100
1,2,White,Female,371,Yes,Deshi,Sabujbagh,184125
3,6,Cross,Male,388,No,Shahiwal,Tebunia,184150
2,3,White,Male,350,Yes,Deshi,Naogaon,184275
2,3,Ash,Male,367,No,Deshal,Tebunia,184300
3,5,Red,Male,375,Yes,Brahma,Mymenshing,184736
2,4,Red,Male,335,Yes,Deshal,Mymenshing,184800
3,5,Cross,Male,430,No,Deshi,Kurigram,185339
2,4,Dark Red,Male,391,Yes,Pakri,Kishoreganj,185514
3,6,Ash,Male,334,No,Deshal,Mymenshing,185550
4,6,Black,Female,318,Yes,Deshal,Dhaka,186046
3,4,Black,Male,355,No,Deshi,Naogaon,186375
5,7,Black and Brown,Male,306,No,Jersey,Sharifganj,186529
3,6,Black and Brown,Female,197,No,Holstein Friesian,Sylhet,186983
1,2,Ash,Female,376,Yes,Nafimoni,Mymenshing,187249
2,3,Red and Brown,Male,357,Yes,Deshi,Naogaon,187450
1,2,Red and Brown,Female,327,Yes,Shahiwal,Mymenshing,187524
3,4,White,Male,290,Yes,Shahiwal,Kushtia,187600
1,2,Mixed,Male,446,No,Hybrid,Sabujbagh,187764
1,2,Black and White,Female,347,Yes,Hybrid,Kurigram,187973
3,5,Dark Red,Female,289,Yes,Brahma,Mymenshing,188426
2,3,White and Red,Female,790,Yes,Brahma cross,Bogura,188483
3,6,Black,Male,401,No,Deshal,Gazipur,188492
5,7,Black and Brown,Male,318,No,Holstein Cross,Bogura,188757
2,3,White,Male,360,Yes,Deshal,Mymenshing,189000
3,5,Black and White,Male,444,Yes,Hybrid,Naogaon,189474
2,2,Ash,Male,302,Yes,Deshal,Tebunia,189500
5,7,Cross,Female,287,No,Hybrid,Tebunia,189618
2,2,Ash,Male,319,No,Shahiwal,Rangpur,189709
2,4,Red,Male,4,Yes,Local,Mymenshing,190000
2,3,Black,Male,80,Yes,Local,Nilfamari,190000
2,4,Black and White,Male,180,Yes,Deshal,Mymenshing,190000
3,4,Black,Male,294,Yes,Cross,Mymenshing,190000
3,4,Red,Male,360,Yes,Deshi,Naogaon,190000
3,5,Mixed,Female,296,Yes,Aus,Tebunia,190183
3,6,Red,Male,360,No,Deshi,Naogaon,190575
2,4,Cross,Female,451,Yes,Hybrid,Nilfamari,190611
2,3,Red,Female,98,No,Deshal,Sharifganj,190827
5,7,Black and Brown,Male,303,Yes,Deshal,Mymenshing,190874
3,5,Brown,Male,359,Yes,Shahiwal,Kurigram,190950
3,6,Dark Red,Male,324,No,Nepali,Bogura,191166
3,6,Red and Brown,Female,364,Yes,Hybrid,Tebunia,191871
5,7,Black,Male,631,No,Deshal,Kurigram,192283
2,4,Red,Female,451,Yes,Holstein Friesian,Kurigram,192420
5,7,Red,Female,417,No,Holstein Cross,Gazipur,192677
5,7,Red,Male,331,Yes,Holstein Cross,Mymenshing,192771
5,7,Red,Male,504,Yes,Aus,Naogaon,192790
2,3,White,Male,357,Yes,Holstein Cross,Rangpur,193129
3,4,Ash,Female,1,No,Holstein Cross,Mirpur,193148
4,7,Black and White,Male,462,No,Shahiwal,Tebunia,193197
3,4,Ash,Male,312,Yes,Nafimoni,Kushtia,193232
2,2,White,Male,562,No,Brahma cross,Mymenshing,193248
2,4,Black and White,Male,313,Yes,Shahiwal,Kurigram,193309
5,7,Red,Male,398,Yes,Holstein Cross,Tebunia,193491
2,2,Brown,Male,109,No,Hybrid,Mirpur,193555
3,6,White,Male,364,Yes,Shahiwal,Gazipur,193750
1,2,Black and White,Female,352,Yes,Deshi,Sylhet,193763
2,4,Red,Male,300,Yes,Deshi,Dhaka,194000
3,6,Light Red,Male,312,No,Nafimoni,Mymenshing,194175
1,2,White and Red,Male,467,Yes,Deshal,Mymenshing,194259
3,4,Black,Female,298,No,Holstein Cross,Pabna,194330
3,4,Black,Male,618,No,Cross,Tebunia,194405
3,5,Cross,Male,447,Yes,Pakri,Rangpur,194526
3,5,Light Red,Male,413,Yes,Deshi,Tebunia,194673
4,7,Red,Female,397,Yes,Jersey,Bogura,195259
3,5,Dark Red,Female,490,No,Aus,Kurigram,195726
2,3,Black,Male,316,No,Deshal,Tebunia,196350
2,3,Cross,Female,370,Yes,Shahiwal,Tebunia,196698
2,3,Red,Male,370,Yes,Jersey,Sabujbagh,196905
3,5,Red and Brown,Male,448,Yes,Shahiwal,Naogaon,197282
5,7,Red and Brown,Female,352,Yes,Hybrid,Mirpur,197294
2,4,Cross,Male,315,Yes,Deshal,Gazipur,197850
1,2,Red,Male,467,No,Deshal,Gazipur,197884
4,7,Red,Male,329,Yes,Deshi,Kushtia,197983
2,4,Cross,Male,315,Yes,Deshal,Kurigram,198050
3,5,Brown,Female,335,No,Hybrid,Pabna,198174
5,7,Red,Male,572,Yes,Jersey,Sabujbagh,198218
5,7,Light Red,Male,412,Yes,Hybrid,Kushtia,199247
2,4,White,Male,344,Yes,Deshi,Sabujbagh,199569
2,3,Black,Male,511,No,Deshal,Mymenshing,199743
3,5,White,Male,6,Yes,Hybrid,Mymenshing,200000
3,4,Black,Male,7,Yes,Local,Sabujbagh,200000
3,4,Red,Male,7,Yes,Local,Mymenshing,200000
4,7,Black,Male,317,No,Holstein Cross,Mymenshing,200041
2,4,Black and White,Male,139,No,Holstein Friesian,Kishoreganj,200109
5,7,Mixed,Female,387,Yes,Cross,Mymenshing,200218
2,3,Black,Female,170,No,Nafimoni,Narayanganj,200249
2,2,White and Red,Female,332,Yes,Brahma,Mirpur,200472
3,6,Red,Female,422,No,Local,Kishoreganj,200547
3,6,Dark Red,Male,524,Yes,Deshal,Gazipur,200550
3,4,Ash,Female,29,No,Brahma,Nilfamari,200571
3,4,Light Red,Female,385,Yes,Deshi,Sharifganj,200793
4,8,Black and White,Male,434,Yes,Brahma cross,Mymenshing,201077
1,2,Cross,Female,476,Yes,Jersey,Tebunia,201622
4,6,Dark Red,Male,365,No,Aus,Kurigram,201679
2,3,Brown,Male,333,Yes,Shahiwal,Tebunia,202050
3,6,Cross,Male,428,Yes,Deshal,Dhaka,202151
5,7,Dark Red,Male,483,Yes,Holstein Cross,Kishoreganj,202385
2,2,Red and Brown,Male,553,No,Pakri,Narayanganj,202595
3,5,White,Male,380,Yes,Deshi,Naogaon,202650
3,5,Ash,Male,479,Yes,Nepali,Kurigram,202719
3,6,Black and Brown,Male,410,No,Holstein Cross,Nilfamari,202813
5,7,Mixed,Male,439,Yes,Deshi,Sabujbagh,202894
5,7,Light Red,Male,539,Yes,Holstein Cross,Mymenshing,203067
5,7,Brown,Male,473,Yes,Deshal,Dhaka,203211
1,2,Black and White,Male,370,Yes,Local,Kurigram,203662
2,4,Black,Male,374,Yes,Shahiwal,Mymenshing,203700
3,4,Mixed,Male,383,No,Holstein Cross,Gazipur,203766
5,7,Black,Male,321,Yes,Deshal,Pabna,204012
2,3,Ash,Male,130,No,Nafimoni,Kishoreganj,204102
4,8,White,Male,345,No,Holstein Cross,Nilfamari,204159
3,4,White and Red,Male,448,No,Local,Kushtia,204166
5,7,Red,Female,648,No,Deshi,Mymenshing,204289
3,5,Black,Male,374,Yes,Cross,Kishoreganj,204453
3,5,Black,Female,299,No,Brahma cross,Naogaon,204484
3,6,Brown,Male,408,No,Holstein Cross,Narayanganj,204493
3,6,White,Female,639,No,Shahiwal,Naogaon,204546
2,3,Black,Male,539,No,Cross,Mirpur,204657
3,6,White and Red,Male,288,Yes,Jersey,Sabujbagh,204734
2,3,Red,Male,470,No,Local,Kurigram,204809
4,8,Light Red,Male,415,No,Nafimoni,Naogaon,205028
4,6,White,Female,439,No,Brahma,Pabna,205196
2,2,Black,Male,374,Yes,Deshal,Gazipur,205300
2,3,Red,Male,314,Yes,Deshi,Tebunia,205505
4,7,Cross,Male,365,Yes,Holstein Friesian,Sharifganj,205577
3,5,Dark Red,Male,128,Yes,Local,Kushtia,205642
2,3,White and Red,Female,96,No,Deshi,Mymenshing,206178
3,5,Red and Brown,Female,252,Yes,Cross,Nilfamari,206181
3,4,Black,Male,386,Yes,Shahiwal,Gazipur,206350
5,7,Red,Female,304,Yes,Deshal,Bogura,206382
2,3,Black,Male,471,No,Deshal,Dhaka,206737
2,3,White,Male,85,Yes,Jersey,Gazipur,207003
2,3,Brown,Female,189,Yes,Nepali,Bogura,207065
4,8,Ash,Male,321,Yes,Deshal,Kurigram,207216
5,7,White,Male,454,No,Brahma cross,Naogaon,207256
2,3,White,Male,379,Yes,Shahiwal,Kurigram,207300
3,5,Cross,Male,448,Yes,Nepali,Rangpur,207738
3,5,Brown,Male,343,No,Shahiwal,Sharifganj,208186
2,2,White and Red,Male,399,Yes,Hybrid,Narayanganj,208255
2,2,Cross,Male,352,No,Shahiwal,Kurigram,208400
5,7,White,Male,360,Yes,Deshi,Naogaon,208583
4,8,Ash,Male,509,Yes,Holstein Cross,Nilfamari,208605
4,7,Mixed,Male,469,No,Deshal,Sharifganj,208716
1,2,Mixed,Male,346,No,Deshal,Gazipur,208720
4,8,Light Red,Male,404,Yes,Deshal,Sharifganj,208855
4,8,White,Male,550,Yes,Local,Kurigram,208871
3,4,Red,Male,358,No,Brahma,Mymenshing,209631
3,5,Light Red,Female,216,Yes,Brahma cross,Mirpur,209756
3,5,Black,Male,534,Yes,Deshal,Mymenshing,209868
4,8,Black,Male,8,Yes,Cross,Sabujbagh,210000
2,2,Red,Male,294,Yes,Local,Mymenshing,210000
3,4,Ash,Male,339,Yes,Shahiwal,Tebunia,210150
2,2,Red,Male,449,Yes,Deshal,Kushtia,210300
1,2,Brown,Female,573,Yes,Shahiwal,Tebunia,210470
2,4,White,Male,415,No,Holstein Cross,Kushtia,210650
2,3,Light Red,Male,374,Yes,Holstein Cross,Pabna,210841
3,4,Black,Male,435,Yes,Deshal,Dhaka,211145
3,4,Red,Female,348,No,Shahiwal,Kishoreganj,211418
2,4,Black,Male,338,No,Deshal,Mymenshing,211450
3,4,Brown,Male,336,Yes,Deshal,Gazipur,211550
1,2,Ash,Male,378,Yes,Deshal,Kushtia,211620
2,4,Red,Male,400,Yes,Shahiwal,Kurigram,212000
1,2,Black,Female,424,Yes,Pakri,Mymenshing,212293
4,6,Mixed,Male,404,Yes,Brahma,Mymenshing,212301
5,7,Red,Female,376,No,Local,Sharifganj,213511
2,4,Black and White,Female,60,Yes,Brahma,Kurigram,214572
5,7,Black,Female,554,Yes,Deshi,Mymenshing,214866
2,4,Red,Male,343,Yes,Deshi,Dhaka,215000
2,4,Red,Female,274,Yes,Holstein Cross,Naogaon,215292
3,4,Cross,Male,359,Yes,Shahiwal,Gazipur,215350
2,2,Ash,Male,339,No,Holstein Cross,Mymenshing,215469
3,6,Red,Male,341,No,Shahiwal,Tebunia,215750
3,6,Black,Male,399,No,Shahiwal,Kushtia,215850
2,2,Cross,Male,384,Yes,Shahiwal,Mymenshing,216350
3,5,Red,Male,1,No,Hybrid,Kushtia,216654
4,6,Red,Male,300,Yes,Holstein Cross,Kushtia,217172
4,7,Light Red,Male,474,No,Hybrid,Mymenshing,217587
4,8,Black and White,Male,432,No,Brahma cross,Tebunia,217717
2,4,Red,Female,472,Yes,Holstein Cross,Mirpur,217796
2,4,Black,Male,324,Yes,Local,Sabujbagh,217801
5,7,White,Male,458,No,Deshal,Mirpur,217907
3,5,Cross,Male,343,No,Shahiwal,Mymenshing,217950
3,5,Red,Male,452,Yes,Brahma,Mymenshing,218007
4,7,Cross,Male,349,No,Holstein Cross,Pabna,218135
3,5,Mixed,Female,351,Yes,Deshi,Kushtia,218224
1,2,Red,Male,490,Yes,Deshal,Naogaon,218745
3,5,Mixed,Male,93,No,Cross,Mymenshing,218752
4,8,Red,Female,375,No,Deshal,Kurigram,218761
1,2,Red,Male,445,No,Aus,Mymenshing,218770
2,2,Light Red,Male,436,Yes,Holstein Cross,Chittagong,219337
5,7,Red,Female,462,No,Brahma,Bogura,219430
3,4,White,Male,531,Yes,Deshal,Mymenshing,219676
2,4,Black,Male,485,No,Local,Gazipur,220232
2,2,Red,Male,333,Yes,Deshal,Mymenshing,220500
2,4,Red,Male,395,No,Deshi,Mymenshing,221277
2,3,Red and Brown,Male,434,Yes,Cross,Mymenshing,221965
5,7,White,Female,397,No,Hybrid,Nilfamari,222061
3,5,Dark Red,Male,478,No,Local,Gazipur,222453
2,3,Ash,Female,447,No,Holstein Cross,Kushtia,222476
2,3,Red,Male,350,Yes,Deshi,Dhaka,223000
2,2,Red,Male,353,No,Deshi,Dhaka,223000
2,2,Red,Male,353,No,Deshal,Gazipur,223000
5,7,White and Red,Female,430,No,Pakri,Pabna,223002
3,6,Cross,Female,446,No,Nepali,Kishoreganj,223042
5,7,Black,Male,450,No,Deshal,Rangpur,223320
1,2,Red,Male,460,No,Holstein Friesian,Gazipur,223449
3,6,Red,Male,426,Yes,Deshi,Naogaon,223650
2,4,White,Male,401,No,Deshal,Kurigram,223800
3,5,Red,Male,282,No,Shahiwal,Dhaka,224150
3,6,Brown,Male,407,Yes,Deshal,Tebunia,224200
3,6,Ash,Female,726,Yes,Brahma,Narayanganj,224276
3,4,Mixed,Female,373,Yes,Deshi,Naogaon,224289
3,4,Red,Male,411,Yes,Deshi,Chittagong,224651
2,3,Red,Male,4,No,Local,Mymenshing,225000
1,2,Red and Brown,Male,430,No,Cross,Gazipur,225377
3,5,Red,Male,259,Yes,Deshi,Dhaka,227000
3,4,White and Red,Male,257,Yes,Jersey,Kishoreganj,227115
4,7,Dark Red,Male,344,Yes,Deshal,Narayanganj,227443
3,6,Dark Red,Male,231,No,Holstein Friesian,Narayanganj,227891
2,2,Black and Brown,Male,566,No,Deshi,Sharifganj,228580
2,4,Cross,Male,350,No,Hybrid,Pabna,229104
1,2,Red,Male,430,No,Holstein Cross,Kishoreganj,229146
2,2,Red,Male,389,No,Shahiwal,Gazipur,229200
3,5,White,Male,1,No,Brahma cross,Tebunia,229227
2,4,Red,Male,374,Yes,Deshi,Chittagong,229925
2,2,Ash,Male,242,No,Deshal,Mymenshing,230000
3,6,Red,Male,362,No,Holstein Cross,Nilfamari,230043
1,2,Mixed,Male,448,Yes,Brahma,Kurigram,230175
5,7,Red,Male,490,Yes,Shahiwal,Mymenshing,230772
2,3,Black,Male,438,Yes,Jersey,Rangpur,230897
2,3,Black and White,Female,349,No,Hybrid,Mirpur,231385
4,7,Red,Male,304,Yes,Deshal,Mymenshing,231465
4,6,Brown,Female,175,No,Pakri,Chittagong,231590
3,6,Black,Female,411,No,Jersey,Sharifganj,231952
4,8,Mixed,Female,479,No,Deshi,Mymenshing,232186
2,3,Red,Male,370,Yes,Deshi,Dhaka,233000
2,3,Black,Male,378,Yes,Holstein Cross,Dhaka,233000
3,6,Ash,Male,213,Yes,Cross,Naogaon,233539
2,4,Ash,Female,435,Yes,Holstein Friesian,Pabna,233733
3,5,Black and Brown,Male,577,No,Pakri,Sylhet,233735
4,7,Red,Male,352,No,Local,Sabujbagh,233937
1,2,Light Red,Male,414,No,Deshal,Dhaka,234387
2,2,Cross,Male,454,No,Deshal,Gazipur,234430
4,8,Black and White,Female,442,No,Jersey,Kurigram,234872
1,2,White,Female,369,Yes,Local,Sylhet,234941
2,3,Mixed,Male,382,Yes,Brahma cross,Mymenshing,235011
2,3,Black and White,Female,427,Yes,Brahma,Kurigram,235385
2,2,Brown,Male,396,Yes,Deshal,Dhaka,235852
2,4,Cross,Male,400,Yes,Shahiwal,Kurigram,236600
4,6,Red,Male,352,No,Nafimoni,Sabujbagh,236806
2,2,Red and Brown,Male,139,No,Shahiwal,Sharifganj,238313
2,3,Brown,Male,417,Yes,Holstein Cross,Gazipur,238450
2,4,Red and Brown,Male,283,Yes,Jersey,Tebunia,238611
2,3,Red,Male,413,Yes,Jersey,Tebunia,239289
1,2,Red,Female,407,No,Brahma cross,Sabujbagh,239488
5,7,Red,Female,378,Yes,Deshal,Kurigram,239521
5,7,Cross,Female,307,Yes,Nepali,Kushtia,239538
2,2,Brown,Male,447,Yes,Deshi,Tebunia,239638
3,6,Black,Male,464,Yes,Holstein Cross,Gazipur,240625
1,2,Red and Brown,Male,433,Yes,Deshi,Dhaka,241030
2,3,Red and Brown,Male,549,No,Holstein Cross,Kurigram,241038
2,4,Black and White,Male,251,No,Pakri,Kishoreganj,241135
5,7,Black,Male,471,Yes,Pakri,Naogaon,241261
4,7,Black and Brown,Female,367,Yes,Jersey,Narayanganj,241872
3,6,Ash,Male,406,Yes,Holstein Cross,Tebunia,242200
2,3,Cross,Female,258,No,Brahma cross,Kurigram,242482
1,2,Cross,Male,374,No,Holstein Cross,Naogaon,243129
2,2,Dark Red,Female,556,No,Holstein Friesian,Kushtia,243136
3,6,Red,Female,324,Yes,Nafimoni,Kishoreganj,243496
3,5,White and Red,Female,155,No,Shahiwal,Mymenshing,243500
1,2,Black and Brown,Female,466,Yes,Deshi,Nilfamari,243856
2,4,Brown,Male,469,No,Aus,Kushtia,244195
3,6,Black,Male,408,Yes,Deshal,Mymenshing,244255
5,7,Light Red,Male,325,Yes,Deshal,Nilfamari,244485
4,8,Dark Red,Female,436,No,Jersey,Nilfamari,245039
5,7,White and Red,Male,559,Yes,Pakri,Gazipur,245134
2,3,Brown,Male,575,Yes,Deshal,Mymenshing,245252
1,2,Black and White,Male,376,No,Deshal,Kurigram,245571
3,5,Black,Female,468,Yes,Holstein Cross,Narayanganj,245626
2,3,Black,Male,395,Yes,Holstein Cross,Dhaka,246000
3,6,Red and Brown,Male,682,Yes,Deshal,Tebunia,246042
5,7,Black and White,Male,465,Yes,Brahma,Naogaon,246090
2,2,White and Red,Female,483,No,Jersey,Narayanganj,246344
5,7,White,Female,472,Yes,Local,Mymenshing,246773
3,5,Black,Male,392,No,Shahiwal,Kurigram,247337
3,6,Red and Brown,Male,479,No,Cross,Naogaon,247582
3,5,Ash,Male,175,No,Hybrid,Mymenshing,248107
2,4,Black and Brown,Female,248,No,Shahiwal,Kushtia,248139
2,4,White,Male,507,No,Holstein Cross,Tebunia,248200
3,6,Black,Male,435,Yes,Deshal,Mymenshing,249354
3,6,Red,Male,8,Yes,Local,Sabujbagh,250000
3,5,Cross,Male,396,Yes,Deshal,Gazipur,250000
5,7,Ash,Female,443,No,Deshal,Dhaka,250484
1,2,Ash,Male,449,Yes,Local,Gazipur,251014
1,2,Brown,Male,422,Yes,Local,Sharifganj,252044
4,6,Red,Male,634,Yes,Brahma,Mirpur,253271
2,2,Brown,Male,400,No,Holstein Cross,Mymenshing,253490
1,2,Red,Female,589,Yes,Deshi,Nilfamari,253661
2,4,Black,Male,571,Yes,Deshi,Dhaka,254021
2,3,White,Male,436,Yes,Deshal,Kushtia,254050
5,7,White,Male,432,Yes,Holstein Cross,Dhaka,254111
5,7,Red,Male,471,No,Aus,Narayanganj,254174
2,3,Ash,Female,442,Yes,Holstein Cross,Nilfamari,255097
2,3,White,Male,394,Yes,Hybrid,Kushtia,255833
2,4,Red,Female,539,No,Hybrid,Narayanganj,256243
3,4,Brown,Male,643,Yes,Shahiwal,Kishoreganj,256586
2,4,Red,Male,371,No,Deshal,Mymenshing,257666
1,2,Black,Male,666,No,Deshi,Kushtia,257745
2,2,Ash,Male,235,Yes,Deshal,Kurigram,258312
5,7,Black,Male,640,No,Cross,Naogaon,258424
2,2,Black and White,Male,644,Yes,Deshi,Kurigram,259032
3,5,White and Red,Male,259,No,Holstein Friesian,Gazipur,259139
2,4,Light Red,Female,1,Yes,Cross,Kurigram,259159
3,6,Red,Female,430,Yes,Deshi,Sharifganj,259211
3,6,Red,Male,410,No,Aus,Tebunia,259513
2,2,Red,Male,642,Yes,Deshi,Narayanganj,259571
1,2,Ash,Male,484,Yes,Holstein Cross,Mirpur,259574
3,4,Black,Male,495,Yes,Jersey,Naogaon,259875
2,2,White and Red,Male,213,Yes,Deshi,Kurigram,260640
4,7,Black,Male,433,Yes,Cross,Kurigram,261332
3,6,Ash,Female,268,No,Aus,Gazipur,261737
3,6,Ash,Male,616,Yes,Deshal,Mymenshing,261753
5,7,Ash,Male,544,Yes,Nepali,Kurigram,261812
1,2,Ash,Female,606,Yes,Holstein Cross,Mymenshing,261876
3,5,Light Red,Male,427,No,Aus,Chittagong,261925
3,6,Light Red,Male,449,Yes,Holstein Friesian,Kishoreganj,262228
3,6,Mixed,Male,487,No,Deshal,Kishoreganj,262385
2,2,Black,Male,476,Yes,Holstein Cross,Kushtia,262650
2,2,White and Red,Male,467,No,Shahiwal,Nilfamari,263547
1,2,White and Red,Female,390,No,Shahiwal,Pabna,263953
4,6,White,Male,471,Yes,Holstein Cross,Sabujbagh,263979
2,4,Black and Brown,Male,420,Yes,Deshi,Dhaka,264000
2,2,Ash,Male,420,Yes,Deshal,Gazipur,264000
2,4,White,Male,441,Yes,Holstein Cross,Tebunia,264200
2,2,Dark Red,Male,438,Yes,Holstein Cross,Rangpur,264361
5,7,Cross,Male,399,Yes,Local,Nilfamari,265231
3,4,Black and White,Male,761,Yes,Brahma cross,Sylhet,265277
3,5,White,Female,180,Yes,Deshal,Gazipur,265340
2,3,Red,Male,469,Yes,Holstein Cross,Gazipur,265450
3,5,Dark Red,Female,1,No,Aus,Mirpur,265792
2,3,Red,Female,286,No,Nepali,Kishoreganj,266219
4,6,Brown,Male,542,Yes,Deshi,Kushtia,266474
5,7,Ash,Male,445,Yes,Brahma cross,Pabna,266487
3,4,Black,Female,494,Yes,Pakri,Naogaon,266714
5,7,White,Male,514,No,Shahiwal,Mymenshing,267063
4,7,Light Red,Male,448,No,Deshal,Mymenshing,267447
5,7,White and Red,Male,789,Yes,Shahiwal,Kishoreganj,269097
1,2,White,Male,452,No,Deshi,Tebunia,269156
3,5,Black and Brown,Male,505,No,Brahma,Mirpur,269513
3,6,Black and Brown,Female,454,No,Jersey,Mymenshing,270280
3,6,Mixed,Female,103,No,Shahiwal,Dhaka,270426
1,2,Cross,Male,672,No,Deshal,Gazipur,270539
2,3,Red,Female,602,No,Shahiwal,Kurigram,271096
2,2,Cross,Male,582,No,Holstein Cross,Kushtia,271300
5,7,White,Male,666,No,Local,Pabna,271829
3,5,Red,Male,604,Yes,Hybrid,Gazipur,272137
3,6,Black,Female,251,No,Nafimoni,Gazipur,272259
3,4,Black and White,Male,701,Yes,Holstein Cross,Mymenshing,272358
3,6,Red,Female,366,No,Holstein Friesian,Naogaon,272421
1,2,Cross,Female,525,No,Holstein Friesian,Sabujbagh,272820
3,6,Mixed,Female,558,Yes,Deshi,Naogaon,273357
2,2,Ash,Male,1,No,Cross,Sylhet,274009
5,7,White,Male,505,No,Brahma,Chittagong,274280
2,3,Red,Male,547,Yes,Holstein Cross,Kushtia,275300
3,6,Red and Brown,Male,568,Yes,Jersey,Sabujbagh,275664
2,4,Cross,Male,570,No,Holstein Cross,Kushtia,275850
2,2,Black,Male,447,Yes,Holstein Cross,Dhaka,276000
2,4,Ash,Female,273,No,Hybrid,Mymenshing,276038
2,4,Ash,Male,421,Yes,Deshal,Mymenshing,276500
2,3,Ash,Male,447,Yes,Deshal,Gazipur,276850
2,2,Black and Brown,Female,111,Yes,Holstein Friesian,Sabujbagh,276970
3,5,Mixed,Male,47,No,Holstein Cross,Sabujbagh,278452
1,2,Black and Brown,Male,496,No,Shahiwal,Nilfamari,278628
2,4,White,Male,454,Yes,Deshal,Kushtia,278836
2,3,Ash,Female,309,Yes,Shahiwal,Tebunia,278852
2,4,Black,Male,447,Yes,Holstein Cross,Dhaka,279000
2,2,Black,Male,447,Yes,Holstein Cross,Kushtia,279000
3,6,Ash,Female,420,No,Deshal,Tebunia,279834
3,5,Black,Female,538,Yes,Aus,Nilfamari,279955
4,8,Red,Male,560,Yes,Shahiwal,Sylhet,280000
5,7,Red,Female,583,Yes,Holstein Cross,Mymenshing,280735
1,2,Cross,Male,649,Yes,Deshal,Dhaka,280818
2,4,Light Red,Female,492,Yes,Local,Mymenshing,280901
4,6,White,Male,329,Yes,Shahiwal,Bogura,281680
1,2,Red,Male,510,Yes,Deshal,Mirpur,281873
3,4,Cross,Male,575,Yes,Deshi,Tebunia,283038
3,6,Light Red,Female,564,No,Nafimoni,Kushtia,283240
1,2,Red,Male,615,No,Cross,Kurigram,283769
2,3,Dark Red,Male,450,Yes,Shahiwal,Gazipur,283881
2,2,Ash,Male,532,Yes,Shahiwal,Mymenshing,284979
1,2,Cross,Male,541,Yes,Cross,Mymenshing,285730
2,2,Red,Female,758,Yes,Shahiwal,Kurigram,286514
5,7,Red,Male,502,Yes,Shahiwal,Mymenshing,286665
4,8,Black and White,Male,639,No,Shahiwal,Kurigram,286914
3,6,Black,Male,470,Yes,Holstein Cross,Dhaka,287000
3,6,Black,Male,471,Yes,Holstein Cross,Kushtia,287000
2,2,Brown,Male,376,Yes,Deshi,Dhaka,287408
2,4,Black and Brown,Female,4,Yes,Cross,Gazipur,288338
2,2,Black and White,Female,199,No,Deshal,Chittagong,288502
3,5,Red,Male,559,No,Holstein Cross,Gazipur,288950
2,3,Cross,Male,449,No,Deshal,Kurigram,289400
5,7,Mixed,Male,707,Yes,Shahiwal,Sharifganj,289868
3,6,Black and Brown,Male,454,Yes,Holstein Cross,Sabujbagh,290317
1,2,White,Female,503,No,Shahiwal,Kurigram,290847
2,3,Red,Male,565,Yes,Brahma,Tebunia,291056
1,2,Red,Female,478,No,Deshal,Naogaon,292653
3,4,Black and White,Female,158,No,Nepali,Sylhet,292911
1,2,Black,Male,466,Yes,Deshal,Mymenshing,293049
2,3,Dark Red,Male,38,No,Brahma cross,Rangpur,293521
2,3,Black,Male,508,No,Holstein Cross,Kurigram,294600
2,2,White and Red,Female,225,No,Jersey,Chittagong,294974
2,3,Red,Male,313,No,Deshi,Dhaka,295000
3,5,Ash,Female,665,Yes,Shahiwal,Kushtia,295202
4,6,Red,Male,600,No,Deshal,Gazipur,296286
1,2,Mixed,Male,574,Yes,Deshal,Pabna,297005
2,3,Red and Brown,Male,508,No,Holstein Cross,Narayanganj,299063
3,4,Light Red,Male,575,No,Nepali,Kurigram,299536
4,6,Red,Male,515,Yes,Nafimoni,Mymenshing,299789
3,5,Red,Male,727,Yes,Deshal,Kurigram,299920
2,2,White,Male,467,No,Holstein Cross,Gazipur,299950
2,2,Black,Male,4,Yes,Local,Mymenshing,300000
2,4,Black and White,Male,240,Yes,Holstein Friesian,Dhaka,300000
3,5,Brown,Male,501,No,Holstein Cross,Tebunia,300400
2,4,Black,Male,482,Yes,Holstein Cross,Kurigram,300600
2,3,Red and Brown,Female,315,Yes,Hybrid,Rangpur,301725
3,5,Ash,Female,359,No,Shahiwal,Kishoreganj,302983
1,2,Ash,Male,555,No,Holstein Cross,Sylhet,303627
4,8,Dark Red,Male,715,No,Holstein Cross,Mymenshing,305967
3,4,Red,Male,512,Yes,Deshal,Mymenshing,306063
1,2,Cross,Male,719,No,Nafimoni,Kushtia,306292
3,6,Brown,Female,570,No,Deshal,Nilfamari,306308
5,7,Red,Female,606,No,Holstein Friesian,Chittagong,306980
3,4,Red,Female,347,No,Aus,Gazipur,307056
2,2,White,Male,592,No,Holstein Cross,Gazipur,307150
1,2,Ash,Female,573,Yes,Shahiwal,Kishoreganj,307565
3,5,Red,Male,218,Yes,Deshi,Sylhet,308031
2,4,Ash,Male,555,Yes,Shahiwal,Dhaka,309634
3,4,Brown,Male,648,Yes,Holstein Cross,Mymenshing,309700
4,8,Black and White,Female,662,Yes,Deshal,Kushtia,310606
3,5,Ash,Male,340,Yes,Aus,Narayanganj,312609
2,2,Black and Brown,Female,499,No,Cross,Sabujbagh,314738
5,7,Brown,Female,566,Yes,Local,Tebunia,314820
4,7,Brown,Male,20,Yes,Deshi,Sharifganj,316796
3,4,White and Red,Female,691,Yes,Pakri,Pabna,316906
2,4,Brown,Male,704,Yes,Holstein Cross,Kurigram,317800
4,6,Red,Male,498,Yes,Local,Naogaon,318254
1,2,Black,Male,784,No,Nafimoni,Gazipur,318979
2,2,White,Female,467,Yes,Cross,Tebunia,319294
2,4,Cross,Male,414,Yes,Hybrid,Dhaka,319353
3,4,Red,Male,500,No,Holstein Cross,Tebunia,319800
2,2,Red and Brown,Male,289,Yes,Deshi,Sylhet,320116
2,2,Mixed,Male,520,Yes,Holstein Cross,Nilfamari,320262
3,5,Cross,Male,468,Yes,Brahma cross,Kurigram,321701
3,5,Mixed,Female,283,Yes,Nepali,Mirpur,321951
5,7,Red,Female,551,Yes,Shahiwal,Bogura,322098
3,6,White and Red,Female,114,No,Holstein Friesian,Kurigram,322495
3,4,Mixed,Female,377,Yes,Local,Gazipur,322903
4,6,Black and White,Male,327,Yes,Shahiwal,Naogaon,323086
4,8,White,Female,581,Yes,Holstein Cross,Bogura,323583
3,4,Black and White,Male,604,No,Deshal,Tebunia,323776
4,7,White,Male,660,No,Local,Kurigram,324534
4,6,Cross,Male,767,No,Holstein Cross,Gazipur,324835
4,8,Red,Female,496,Yes,Deshal,Mymenshing,324867
4,7,Black,Female,669,Yes,Deshi,Naogaon,325026
2,3,Cross,Male,507,Yes,Brahma cross,Naogaon,325340
2,4,Dark Red,Male,188,Yes,Nafimoni,Sharifganj,325561
5,7,Black and Brown,Female,484,Yes,Jersey,Mymenshing,327407
1,2,Light Red,Male,617,Yes,Deshal,Chittagong,327418
4,7,Red,Male,541,No,Deshi,Mirpur,327524
2,4,Black and Brown,Female,199,Yes,Nafimoni,Mirpur,327719
4,8,Dark Red,Female,553,No,Hybrid,Naogaon,328675
2,2,White and Red,Male,88,No,Pakri,Sharifganj,329040
5,7,Black and Brown,Female,606,Yes,Shahiwal,Gazipur,329059
4,8,Mixed,Male,555,No,Aus,Sharifganj,329062
3,6,Red and Brown,Male,519,No,Shahiwal,Mymenshing,329263
1,2,Ash,Male,624,Yes,Deshi,Sylhet,329820
2,4,Black,Female,328,No,Deshal,Mirpur,331050
3,6,Black and Brown,Female,462,No,Pakri,Dhaka,331174
3,6,Black and White,Male,649,Yes,Cross,Mymenshing,331277
5,7,Red,Male,669,Yes,Shahiwal,Mymenshing,331620
5,7,Cross,Male,554,Yes,Deshal,Pabna,331766
2,4,Black and Brown,Female,547,Yes,Deshal,Mymenshing,332167
3,4,Cross,Male,738,Yes,Holstein Cross,Tebunia,332400
3,6,Cross,Male,614,No,Holstein Cross,Gazipur,332850
1,2,Cross,Female,307,Yes,Shahiwal,Mirpur,333919
2,4,Red,Male,340,Yes,Local,Pabna,334354
4,8,White,Female,386,Yes,Aus,Gazipur,336610
2,2,Mixed,Male,622,Yes,Nepali,Mymenshing,336668
3,4,Mixed,Male,783,No,Holstein Friesian,Mirpur,337288
2,4,White and Red,Male,542,No,Deshal,Rangpur,337643
2,4,Ash,Male,587,Yes,Deshal,Bogura,338095
5,7,Red,Male,647,Yes,Shahiwal,Mymenshing,339900
1,2,Cross,Male,588,Yes,Deshal,Mirpur,340507
2,4,Black,Male,572,No,Cross,Mirpur,341799
3,4,Red,Male,630,Yes,Holstein Friesian,Sabujbagh,343213
3,4,Black,Male,550,No,Holstein Cross,Gazipur,343300
3,6,Black and White,Male,303,No,Holstein Friesian,Rangpur,343877
4,6,Black,Male,675,Yes,Brahma cross,Sharifganj,344085
4,8,Light Red,Male,590,Yes,Holstein Cross,Tebunia,344643
3,5,Red,Male,549,Yes,Jersey,Gazipur,344958
5,7,Light Red,Female,788,No,Cross,Gazipur,346607
4,8,Black and White,Female,525,Yes,Holstein Cross,Mymenshing,347136
3,4,White,Male,657,Yes,Holstein Cross,Mymenshing,348350
2,2,Ash,Female,527,Yes,Brahma,Nilfamari,348536
1,2,Cross,Male,794,Yes,Deshal,Gazipur,350420
5,7,Brown,Male,699,Yes,Cross,Kurigram,350912
2,4,Black and White,Female,453,No,Aus,Gazipur,351704
1,2,Red and Brown,Male,584,Yes,Brahma,Mymenshing,351759
4,7,White,Female,630,No,Holstein Cross,Dhaka,352246
2,2,Red,Male,607,Yes,Shahiwal,Dhaka,352277
5,7,Red,Male,730,No,Jersey,Dhaka,353021
4,6,Mixed,Male,608,No,Shahiwal,Kishoreganj,353240
2,3,White,Male,683,Yes,Holstein Cross,Mymenshing,353850
2,3,White,Male,547,Yes,Holstein Cross,Gazipur,354800
2,2,Red,Female,742,No,Cross,Gazipur,355018
3,4,Brown,Male,625,Yes,Deshi,Pabna,356742
3,5,Black,Male,663,No,Cross,Mymenshing,356973
2,4,Light Red,Male,635,Yes,Deshi,Bogura,357729
4,6,Cross,Male,788,No,Brahma,Bogura,361080
2,4,Red and Brown,Female,365,No,Hybrid,Gazipur,361458
2,4,Cross,Male,661,Yes,Holstein Cross,Dhaka,361849
3,5,Red,Male,608,No,Holstein Cross,Mymenshing,363650
2,4,Black,Male,603,No,Holstein Cross,Kurigram,364100
2,3,Cross,Male,656,No,Holstein Cross,Kushtia,364850
5,7,White,Male,782,Yes,Brahma,Sylhet,365162
3,4,White,Female,750,No,Cross,Mymenshing,365308
2,3,Black and White,Male,826,No,Deshal,Nilfamari,366900
1,2,Cross,Female,743,Yes,Local,Sharifganj,368005
5,7,Mixed,Male,750,Yes,Holstein Cross,Mymenshing,368304
2,2,White and Red,Male,149,Yes,Nafimoni,Rangpur,368564
3,5,Black,Male,717,Yes,Shahiwal,Gazipur,368865
4,6,Cross,Male,787,No,Deshal,Tebunia,369634
3,4,White,Female,278,Yes,Cross,Kushtia,374198
5,7,Ash,Male,728,No,Deshal,Gazipur,375306
1,2,Red,Male,720,Yes,Shahiwal,Gazipur,376429
2,3,White,Male,774,Yes,Holstein Cross,Mymenshing,376650
1,2,Black,Female,605,No,Shahiwal,Kishoreganj,378398
2,2,Light Red,Male,315,No,Holstein Friesian,Dhaka,378484
1,2,Cross,Male,652,Yes,Shahiwal,Kurigram,379850
3,5,Brown,Male,294,No,Brahma,Sylhet,379985
3,5,Red,Male,626,Yes,Holstein Cross,Tebunia,384350
5,7,Red,Male,641,Yes,Deshi,Gazipur,385505
2,3,Red,Male,728,Yes,Holstein Cross,Mymenshing,386200
3,4,Red,Female,286,Yes,Brahma cross,Sabujbagh,386870
3,4,Red,Male,620,No,Holstein Cross,Kushtia,388450
2,3,Ash,Male,692,No,Holstein Cross,Mymenshing,388800
4,8,Black and Brown,Female,678,Yes,Shahiwal,Naogaon,390431
5,7,Cross,Female,577,No,Hybrid,Sharifganj,391201
3,6,Black,Male,684,Yes,Nepali,Bogura,395420
3,4,Red,Male,618,No,Holstein Cross,Mymenshing,395675
2,4,Dark Red,Male,351,No,Brahma,Mymenshing,398639
3,5,White,Male,238,No,Cross,Mymenshing,399452
3,6,Ash,Male,731,No,Holstein Cross,Kushtia,401550
1,2,Brown,Female,174,Yes,Hybrid,Nilfamari,401563
2,4,Brown,Male,621,No,Holstein Cross,Kushtia,402800
2,3,Dark Red,Male,654,No,Holstein Cross,Kurigram,405455
2,2,Black and White,Male,670,Yes,Holstein Cross,Dhaka,406000
2,2,Cross,Male,670,Yes,Holstein Cross,Kushtia,406000
3,4,White and Red,Female,725,Yes,Deshi,Sabujbagh,406185
2,2,Red,Male,699,Yes,Holstein Cross,Kushtia,406850
2,4,Red and Brown,Male,702,No,Deshal,Gazipur,406897
2,3,Cross,Male,719,Yes,Holstein Cross,Gazipur,408350
4,7,Cross,Male,825,Yes,Local,Nilfamari,408851
3,6,Cross,Male,815,Yes,Deshal,Naogaon,410148
4,6,Red,Male,759,No,Deshi,Mymenshing,410478
2,4,Red,Male,345,No,Nafimoni,Sharifganj,410522
2,3,Brown,Male,808,No,Holstein Cross,Mymenshing,410550
2,2,Light Red,Male,710,No,Shahiwal,Gazipur,412938
2,2,Red,Male,719,Yes,Holstein Cross,Kurigram,413900
1,2,White,Male,664,Yes,Local,Tebunia,414080
2,4,Black and White,Male,665,Yes,Holstein Cross,Dhaka,415000
2,4,Cross,Male,665,Yes,Holstein Cross,Kushtia,415000
2,4,Ash,Male,797,No,Holstein Cross,Gazipur,415500
2,4,Black and White,Male,690,Yes,Holstein Cross,Dhaka,419000
2,3,Cross,Male,690,Yes,Holstein Cross,Kushtia,419000
3,6,Cross,Male,822,No,Holstein Cross,Mymenshing,424100
2,4,Black,Male,707,Yes,Holstein Cross,Mymenshing,428681
3,5,Brown,Male,748,Yes,Holstein Cross,Gazipur,431650
3,6,Mixed,Female,487,Yes,Jersey,Mymenshing,433739
2,4,Cross,Male,715,Yes,Holstein Cross,Kushtia,435000
4,7,Red,Male,759,Yes,Pakri,Kushtia,440854
2,2,Red,Male,751,No,Holstein Cross,Mymenshing,444400
3,6,Red,Female,609,No,Deshal,Gazipur,445350
5,7,Ash,Male,710,No,Local,Kurigram,446370
5,7,Black,Female,705,Yes,Deshal,Kushtia,456651
5,7,White and Red,Male,758,No,Deshal,Tebunia,459037
2,4,Brown,Male,800,Yes,Deshi,Dhaka,460592
3,4,Red,Male,754,No,Holstein Cross,Kushtia,460950
5,7,Red and Brown,Male,710,Yes,Pakri,Tebunia,464472
2,4,Cross,Male,731,Yes,Holstein Cross,Kushtia,465000
3,6,Black and White,Male,800,Yes,Holstein Cross,Dhaka,490000
3,4,Cross,Male,800,Yes,Holstein Cross,Kushtia,490000
2,2,Brown,Female,764,Yes,Local,Nilfamari,490439
2,3,Black,Male,768,No,Holstein Cross,Gazipur,498200
3,6,White,Male,808,No,Holstein Cross,Mymenshing,505550
5,7,Black,Male,770,Yes,Deshi,Mymenshing,507567
